DateTime,MapCode,TotalLoadValue
2026-01-01 00:00:00,GB,29075
2026-01-01 00:30:00,GB,28023
2026-01-01 01:00:00,GB,29204
2026-01-01 01:30:00,GB,30133
2026-01-01 02:00:00,GB,28930
2026-01-01 02:30:00,GB,28370
2026-01-01 03:00:00,GB,28247
2026-01-01 03:30:00,GB,27680
2026-01-01 04:00:00,GB,26345
2026-01-01 04:30:00,GB,25585
2026-01-01 05:00:00,GB,24554
2026-01-01 05:30:00,GB,24178
2026-01-01 06:00:00,GB,23578
2026-01-01 06:30:00,GB,23542
2026-01-01 07:00:00,GB,24546
2026-01-01 07:30:00,GB,24800
2026-01-01 08:00:00,GB,26755
2026-01-01 08:30:00,GB,27242
2026-01-01 09:00:00,GB,29709
2026-01-01 09:30:00,GB,30695
2026-01-01 10:00:00,GB,32855
2026-01-01 10:30:00,GB,34308
2026-01-01 11:00:00,GB,36384
2026-01-01 11:30:00,GB,37265
2026-01-01 12:00:00,GB,37669
2026-01-01 12:30:00,GB,38404
2026-01-01 13:00:00,GB,40774
2026-01-01 13:30:00,GB,41224
2026-01-01 14:00:00,GB,41461
2026-01-01 14:30:00,GB,41370
2026-01-01 15:00:00,GB,40814
2026-01-01 15:30:00,GB,40529
2026-01-01 16:00:00,GB,41773
2026-01-01 16:30:00,GB,42496
2026-01-01 17:00:00,GB,43612
2026-01-01 17:30:00,GB,44750
2026-01-01 18:00:00,GB,45797
2026-01-01 18:30:00,GB,45495
2026-01-01 19:00:00,GB,45059
2026-01-01 19:30:00,GB,44500
2026-01-01 20:00:00,GB,43518
2026-01-01 20:30:00,GB,42624
2026-01-01 21:00:00,GB,40806
2026-01-01 21:30:00,GB,40019
2026-01-01 22:00:00,GB,37038
2026-01-01 22:30:00,GB,35959
2026-01-01 23:00:00,GB,33012
2026-01-01 23:30:00,GB,31746
2026-01-02 00:00:00,GB,31239
2026-01-02 00:30:00,GB,31093
2026-01-02 02:00:00,GB,31790
2026-01-01 00:00:00,IE,3877.694
2026-01-01 00:30:00,IE,3868.898
2026-01-01 01:00:00,IE,3814.388
2026-01-01 01:30:00,IE,3714.44
2026-01-01 02:00:00,IE,3648.388
2026-01-01 02:30:00,IE,3634.986
2026-01-01 03:00:00,IE,3541.854
2026-01-01 03:30:00,IE,3459.948
2026-01-01 04:00:00,IE,3403.347
2026-01-01 04:30:00,IE,3358.361
2026-01-01 05:00:00,IE,3315.682
2026-01-01 05:30:00,IE,3313.966
2026-01-01 06:00:00,IE,3322.59
2026-01-01 06:30:00,IE,3358.793
2026-01-01 07:00:00,IE,3401.777
2026-01-01 07:30:00,IE,3460.82
2026-01-01 08:00:00,IE,3456.395
2026-01-01 08:30:00,IE,3486.873
2026-01-01 09:00:00,IE,3561.237
2026-01-01 09:30:00,IE,3668.61
2026-01-01 10:00:00,IE,3772.632
2026-01-01 10:30:00,IE,3862.328
2026-01-01 11:00:00,IE,3935.771
2026-01-01 11:30:00,IE,4038.088
2026-01-01 12:00:00,IE,4092.347
2026-01-01 12:30:00,IE,4147.851
2026-01-01 13:00:00,IE,4169.547
2026-01-01 13:30:00,IE,4188.054
2026-01-01 14:00:00,IE,4176.53
2026-01-01 14:30:00,IE,4233.498
2026-01-01 15:00:00,IE,4216.481
2026-01-01 15:30:00,IE,4270.759
2026-01-01 16:00:00,IE,4358.465
2026-01-01 16:30:00,IE,4493.106
2026-01-01 17:00:00,IE,4664.933
2026-01-01 17:30:00,IE,4762.992
2026-01-01 18:00:00,IE,4737.116
2026-01-01 18:30:00,IE,4707.213
2026-01-01 19:00:00,IE,4657.201
2026-01-01 19:30:00,IE,4533.958
2026-01-01 20:00:00,IE,4469.114
2026-01-01 20:30:00,IE,4379.143
2026-01-01 21:00:00,IE,4287.283
2026-01-01 21:30:00,IE,4188.226
2026-01-01 22:00:00,IE,4086.653
2026-01-01 22:30:00,IE,3981.502
2026-01-01 23:00:00,IE,3845.28
2026-01-01 23:30:00,IE,3864.11
2026-01-02 00:00:00,IE,3755.4
2026-01-02 00:30:00,IE,3672.085
2026-01-02 01:00:00,IE,3559.57
2026-01-02 01:30:00,IE,3513.117
2026-01-02 02:00:00,IE,3451.336
2026-01-02 02:30:00,IE,3485.599
2026-01-02 03:00:00,IE,3450.23
2026-01-02 03:30:00,IE,3434.05
2026-01-02 04:00:00,IE,3397.291
2026-01-02 04:30:00,IE,3362.988
2026-01-02 05:00:00,IE,3365.649
2026-01-02 05:30:00,IE,3381.857
2026-01-02 06:00:00,IE,3471.886
2026-01-02 06:30:00,IE,3596.593
2026-01-02 07:00:00,IE,3708.009
2026-01-02 07:30:00,IE,3920.868
2026-01-02 08:00:00,IE,3991.528
2026-01-02 08:30:00,IE,4149.241
2026-01-02 09:00:00,IE,4297.69
2026-01-02 09:30:00,IE,4477.673
2026-01-02 10:00:00,IE,4502.542
2026-01-02 10:30:00,IE,4561.324
2026-01-02 11:00:00,IE,4554.312
2026-01-02 11:30:00,IE,4501.015
2026-01-02 12:00:00,IE,4496.686
2026-01-02 12:30:00,IE,4487.774
2026-01-02 13:00:00,IE,4500.887
2026-01-02 13:30:00,IE,4497.224
2026-01-02 14:00:00,IE,4459.956
2026-01-02 14:30:00,IE,4494.186
2026-01-02 15:00:00,IE,4556.798
2026-01-02 15:30:00,IE,4643.861
2026-01-02 16:00:00,IE,4791.525
2026-01-02 16:30:00,IE,4901.646
2026-01-02 17:00:00,IE,5167.75
2026-01-02 17:30:00,IE,5287.036
2026-01-02 18:00:00,IE,5272.863
2026-01-02 18:30:00,IE,5199.387
2026-01-02 19:00:00,IE,5121.878
2026-01-02 19:30:00,IE,5023.584
2026-01-02 20:00:00,IE,4907.988
2026-01-02 20:30:00,IE,4836.663
2026-01-02 21:00:00,IE,4715.387
2026-01-02 21:30:00,IE,4587.118
2026-01-02 22:00:00,IE,4417.846
2026-01-02 22:30:00,IE,4298.172
2026-01-02 23:00:00,IE,4165.388
2026-01-02 23:30:00,IE,4224.101
2026-01-03 00:00:00,IE,4118.951
2026-01-03 00:30:00,IE,4018
2026-01-03 01:00:00,IE,3941.892
2026-01-03 01:30:00,IE,3843.862
2026-01-03 02:00:00,IE,3794.034
2026-01-03 02:30:00,IE,3824.935
2026-01-03 03:00:00,IE,3739.688
2026-01-03 03:30:00,IE,3660.214
2026-01-03 04:00:00,IE,3613.966
2026-01-03 04:30:00,IE,3568.696
2026-01-03 05:00:00,IE,3528.741
2026-01-03 05:30:00,IE,3541.887
2026-01-03 06:00:00,IE,3582.815
2026-01-03 06:30:00,IE,3660.545
2026-01-03 07:00:00,IE,3717.626
2026-01-03 07:30:00,IE,3842.801
2026-01-03 08:00:00,IE,3946.515
2026-01-03 08:30:00,IE,4071.293
2026-01-03 09:00:00,IE,4205.716
2026-01-03 09:30:00,IE,4339.012
2026-01-03 10:00:00,IE,4414.742
2026-01-03 10:30:00,IE,4444.19
2026-01-03 11:00:00,IE,4443.948
2026-01-03 11:30:00,IE,4463.645
2026-01-03 12:00:00,IE,4433.251
2026-01-03 12:30:00,IE,4467.425
2026-01-03 13:00:00,IE,4449.972
2026-01-03 13:30:00,IE,4431.894
2026-01-03 14:00:00,IE,4425.278
2026-01-03 14:30:00,IE,4466.342
2026-01-03 15:00:00,IE,4536.929
2026-01-03 15:30:00,IE,4631.454
2026-01-03 16:00:00,IE,4744.26
2026-01-03 16:30:00,IE,4895.901
2026-01-03 17:00:00,IE,5133.087
2026-01-03 17:30:00,IE,5257.048
2026-01-03 18:00:00,IE,5256.894
2026-01-03 18:30:00,IE,5202.529
2026-01-03 19:00:00,IE,5128.121
2026-01-03 19:30:00,IE,5038.342
2026-01-03 20:00:00,IE,4962.95
2026-01-03 20:30:00,IE,4844.941
2026-01-03 21:00:00,IE,4751.093
2026-01-03 21:30:00,IE,4634.675
2026-01-03 22:00:00,IE,4527.823
2026-01-03 22:30:00,IE,4390.535
2026-01-03 23:00:00,IE,4280.492
2026-01-03 23:30:00,IE,4346.637
2026-01-04 00:00:00,IE,4220.666
2026-01-04 00:30:00,IE,4123.243
2026-01-04 01:00:00,IE,3994.782
2026-01-04 01:30:00,IE,3934.323
2026-01-04 02:00:00,IE,3855.274
2026-01-04 02:30:00,IE,3909.167
2026-01-04 03:00:00,IE,3852.34
2026-01-04 03:30:00,IE,3816.985
2026-01-04 04:00:00,IE,3736.648
2026-01-04 04:30:00,IE,3719.355
2026-01-04 05:00:00,IE,3671.95
2026-01-04 05:30:00,IE,3643.392
2026-01-04 06:00:00,IE,3659.107
2026-01-04 06:30:00,IE,3719.512
2026-01-04 07:00:00,IE,3762.198
2026-01-04 07:30:00,IE,3853.007
2026-01-04 08:00:00,IE,3896.78
2026-01-04 08:30:00,IE,3979.109
2026-01-04 09:00:00,IE,4104.755
2026-01-04 09:30:00,IE,4292.875
2026-01-04 10:00:00,IE,4393.894
2026-01-04 10:30:00,IE,4483.207
2026-01-04 11:00:00,IE,4539.228
2026-01-04 11:30:00,IE,4602.896
2026-01-04 12:00:00,IE,4652.529
2026-01-04 12:30:00,IE,4717.687
2026-01-04 13:00:00,IE,4762.671
2026-01-04 13:30:00,IE,4768
2026-01-04 14:00:00,IE,4754.69
2026-01-04 14:30:00,IE,4771.703
2026-01-04 15:00:00,IE,4808.859
2026-01-04 15:30:00,IE,4863.485
2026-01-04 16:00:00,IE,4973.065
2026-01-04 16:30:00,IE,5124.558
2026-01-04 17:00:00,IE,5329.404
2026-01-04 17:30:00,IE,5468.758
2026-01-04 18:00:00,IE,5472.573
2026-01-04 18:30:00,IE,5385.808
2026-01-04 19:00:00,IE,5292.919
2026-01-04 19:30:00,IE,5215.753
2026-01-04 20:00:00,IE,5131.128
2026-01-04 20:30:00,IE,5040.643
2026-01-04 21:00:00,IE,4911.745
2026-01-04 21:30:00,IE,4751.871
2026-01-04 22:00:00,IE,4533.254
2026-01-04 22:30:00,IE,4352.514
2026-01-04 23:00:00,IE,4230.557
2026-01-04 23:30:00,IE,4263.834
2026-01-05 00:00:00,IE,4123.562
2026-01-05 00:30:00,IE,4029.892
2026-01-05 01:00:00,IE,3913.963
2026-01-05 01:30:00,IE,3836.358
2026-01-05 02:00:00,IE,3801.319
2026-01-05 02:30:00,IE,3800.012
2026-01-05 03:00:00,IE,3757.254
2026-01-05 03:30:00,IE,3732.412
2026-01-05 04:00:00,IE,3705.301
2026-01-05 04:30:00,IE,3687.245
2026-01-05 05:00:00,IE,3689.232
2026-01-05 05:30:00,IE,3734.743
2026-01-05 06:00:00,IE,3875.499
2026-01-05 06:30:00,IE,4132.739
2026-01-05 07:00:00,IE,4472.19
2026-01-05 07:30:00,IE,4813.981
2026-01-05 08:00:00,IE,5013.024
2026-01-05 08:30:00,IE,5110.554
2026-01-05 09:00:00,IE,5215.737
2026-01-05 09:30:00,IE,5369.339
2026-01-05 10:00:00,IE,5352.117
2026-01-05 10:30:00,IE,5323.599
2026-01-05 11:00:00,IE,5287.941
2026-01-05 11:30:00,IE,5218.176
2026-01-05 12:00:00,IE,5161.266
2026-01-05 12:30:00,IE,5162.905
2026-01-05 13:00:00,IE,5159.315
2026-01-05 13:30:00,IE,5091.922
2026-01-05 14:00:00,IE,5090.12
2026-01-05 14:30:00,IE,5125.372
2026-01-05 15:00:00,IE,5170.825
2026-01-05 15:30:00,IE,5260.778
2026-01-05 16:00:00,IE,5365.552
2026-01-05 16:30:00,IE,5554.413
2026-01-05 17:00:00,IE,5775.301
2026-01-05 17:30:00,IE,5876.311
2026-01-05 18:00:00,IE,5868.265
2026-01-05 18:30:00,IE,5826.18
2026-01-05 19:00:00,IE,5740.569
2026-01-05 19:30:00,IE,5630.863
2026-01-05 20:00:00,IE,5532.592
2026-01-05 20:30:00,IE,5380.254
2026-01-05 21:00:00,IE,5258.143
2026-01-05 21:30:00,IE,5070.303
2026-01-05 22:00:00,IE,4846.756
2026-01-05 22:30:00,IE,4613.848
2026-01-05 23:00:00,IE,4410.283
2026-01-05 23:30:00,IE,4431.02
2026-01-06 00:00:00,IE,4288.427
2026-01-06 00:30:00,IE,4223.558
2026-01-06 01:00:00,IE,4108.438
2026-01-06 01:30:00,IE,4026.91
2026-01-06 02:00:00,IE,4018.682
2026-01-06 02:30:00,IE,4079.946
2026-01-06 03:00:00,IE,4014.774
2026-01-06 03:30:00,IE,3959.464
2026-01-06 04:00:00,IE,3880.93
2026-01-06 04:30:00,IE,3855.581
2026-01-06 05:00:00,IE,3811.185
2026-01-06 05:30:00,IE,3889.585
2026-01-06 06:00:00,IE,3984.145
2026-01-06 06:30:00,IE,4215.53
2026-01-06 07:00:00,IE,4483.615
2026-01-06 07:30:00,IE,4810.078
2026-01-06 08:00:00,IE,4973.675
2026-01-06 08:30:00,IE,5104.254
2026-01-06 10:00:00,IE,5317.486
2026-01-06 10:30:00,IE,5351.907
2026-01-06 11:00:00,IE,5333.163
2026-01-06 11:30:00,IE,5263.657
2026-01-06 12:00:00,IE,5199.67
2026-01-06 12:30:00,IE,5211.782
2026-01-06 13:00:00,IE,5211.214
2026-01-06 13:30:00,IE,5137.267
2026-01-06 15:00:00,IE,5156.547
2026-01-06 15:30:00,IE,5234.755
2026-01-06 16:00:00,IE,5283.993
2026-01-06 16:30:00,IE,5438.445
2026-01-06 17:00:00,IE,5614.493
2026-01-06 17:30:00,IE,5686.824
2026-01-06 18:00:00,IE,5674.345
2026-01-06 18:30:00,IE,5539.352
2026-01-06 19:00:00,IE,5510.789
2026-01-06 19:30:00,IE,5474.648
2026-01-06 20:00:00,IE,5324.424
2026-01-06 20:30:00,IE,5226.746
2026-01-06 21:00:00,IE,5111.662
2026-01-06 21:30:00,IE,4965.255
2026-01-06 22:00:00,IE,4731.64
2026-01-06 22:30:00,IE,4495.777
2026-01-06 23:00:00,IE,4293.647
2026-01-06 23:30:00,IE,4289.044
2026-01-07 00:00:00,IE,4130.351
2026-01-07 00:30:00,IE,4064.48
2026-01-07 01:00:00,IE,3934.175
2026-01-07 01:30:00,IE,3853.067
2026-01-07 02:00:00,IE,3808.596
2026-01-07 02:30:00,IE,3891.358
2026-01-07 03:00:00,IE,3847.973
2026-01-07 03:30:00,IE,3801.743
2026-01-07 04:00:00,IE,3752.271
2026-01-07 04:30:00,IE,3725.864
2026-01-07 05:00:00,IE,3730.465
2026-01-07 05:30:00,IE,3761.25
2026-01-07 06:00:00,IE,3890.368
2026-01-07 06:30:00,IE,4124.184
2026-01-07 07:00:00,IE,4447.797
2026-01-07 07:30:00,IE,4833.755
2026-01-07 08:00:00,IE,4992.418
2026-01-07 08:30:00,IE,5072.935
2026-01-07 09:00:00,IE,5143.556
2026-01-07 09:30:00,IE,5247.111
2026-01-07 10:00:00,IE,5226.626
2026-01-07 10:30:00,IE,5221.726
2026-01-07 11:00:00,IE,5199.194
2026-01-07 11:30:00,IE,5179.622
2026-01-07 12:00:00,IE,5159.845
2026-01-07 12:30:00,IE,5178.396
2026-01-07 13:00:00,IE,5214.375
2026-01-07 13:30:00,IE,5203.314
2026-01-07 14:00:00,IE,5223.488
2026-01-07 14:30:00,IE,5244.794
2026-01-07 15:00:00,IE,5299.596
2026-01-07 15:30:00,IE,5352.812
2026-01-07 16:00:00,IE,5457.338
2026-01-07 16:30:00,IE,5581.771
2026-01-07 17:00:00,IE,5769.706
2026-01-07 17:30:00,IE,5866.209
2026-01-07 18:00:00,IE,5824.421
2026-01-07 18:30:00,IE,5697.811
2026-01-07 19:00:00,IE,5584.944
2026-01-07 19:30:00,IE,5500.884
2026-01-07 20:00:00,IE,5382.038
2026-01-07 20:30:00,IE,5225.242
2026-01-07 21:00:00,IE,5075.459
2026-01-07 21:30:00,IE,4865.192
2026-01-07 22:00:00,IE,4608.886
2026-01-07 22:30:00,IE,4378.884
2026-01-07 23:00:00,IE,4182.765
2026-01-07 23:30:00,IE,4222.964
2026-01-08 00:00:00,IE,4089.457
2026-01-08 00:30:00,IE,3977.436
2026-01-08 01:00:00,IE,3909.121
2026-01-08 01:30:00,IE,3834.032
2026-01-08 02:00:00,IE,3824.502
2026-01-08 02:30:00,IE,3885.67
2026-01-08 03:00:00,IE,3851.807
2026-01-08 03:30:00,IE,3832.812
2026-01-08 04:00:00,IE,3802.305
2026-01-08 04:30:00,IE,3789.97
2026-01-08 05:00:00,IE,3796.157
2026-01-08 05:30:00,IE,3853.49
2026-01-08 06:00:00,IE,3983.27
2026-01-08 06:30:00,IE,4215.092
2026-01-08 07:00:00,IE,4519.669
2026-01-08 07:30:00,IE,4893.147
2026-01-08 08:00:00,IE,5056.496
2026-01-08 08:30:00,IE,5144.348
2026-01-08 09:00:00,IE,5139.133
2026-01-08 09:30:00,IE,5233.915
2026-01-08 10:00:00,IE,5337.804
2026-01-08 10:30:00,IE,5366.728
2026-01-08 11:00:00,IE,5392.052
2026-01-08 11:30:00,IE,5399.334
2026-01-08 12:00:00,IE,5398.477
2026-01-08 12:30:00,IE,5405.334
2026-01-08 13:00:00,IE,5413.861
2026-01-08 13:30:00,IE,5354.264
2026-01-08 14:00:00,IE,5354.329
2026-01-08 14:30:00,IE,5319.239
2026-01-08 15:00:00,IE,5355.181
2026-01-08 15:30:00,IE,5386.911
2026-01-08 16:00:00,IE,5451.97
2026-01-08 16:30:00,IE,5605.012
2026-01-08 17:00:00,IE,5723.585
2026-01-08 17:30:00,IE,5813.74
2026-01-08 18:00:00,IE,5793.614
2026-01-08 18:30:00,IE,5705.986
2026-01-08 19:00:00,IE,5584.571
2026-01-08 19:30:00,IE,5501.206
2026-01-08 20:00:00,IE,5367.71
2026-01-08 20:30:00,IE,5252.768
2026-01-08 21:00:00,IE,5116.727
2026-01-08 21:30:00,IE,4952.869
2026-01-08 22:00:00,IE,4756.34
2026-01-08 22:30:00,IE,4547.292
2026-01-08 23:00:00,IE,4363.702
2026-01-08 23:30:00,IE,4376.737
2026-01-09 00:00:00,IE,4232.098
2026-01-09 00:30:00,IE,4179.328
2026-01-09 01:00:00,IE,4070.559
2026-01-09 01:30:00,IE,4020.369
2026-01-09 02:00:00,IE,3929.278
2026-01-09 02:30:00,IE,3974.571
2026-01-09 03:00:00,IE,3904.298
2026-01-09 03:30:00,IE,3888.961
2026-01-09 04:00:00,IE,3852.003
2026-01-09 04:30:00,IE,3828.165
2026-01-09 05:00:00,IE,3802.824
2026-01-09 05:30:00,IE,3845.102
2026-01-09 06:00:00,IE,3960.047
2026-01-09 06:30:00,IE,4195.433
2026-01-09 07:00:00,IE,4466.526
2026-01-09 07:30:00,IE,4865.756
2026-01-09 08:00:00,IE,5044.079
2026-01-09 08:30:00,IE,5148.833
2026-01-09 09:00:00,IE,5249.404
2026-01-09 09:30:00,IE,5341.589
2026-01-09 10:00:00,IE,5303.469
2026-01-09 10:30:00,IE,5204.847
2026-01-09 11:00:00,IE,5152.148
2026-01-09 11:30:00,IE,5102.439
2026-01-09 12:00:00,IE,5060.142
2026-01-09 12:30:00,IE,5016.317
2026-01-09 13:00:00,IE,4958.173
2026-01-09 13:30:00,IE,4892.295
2026-01-09 14:00:00,IE,4896.184
2026-01-09 14:30:00,IE,4942.126
2026-01-09 15:00:00,IE,4969.12
2026-01-09 15:30:00,IE,5104.523
2026-01-09 16:00:00,IE,5212.673
2026-01-09 16:30:00,IE,5387.299
2026-01-09 17:00:00,IE,5535.701
2026-01-09 17:30:00,IE,5639.799
2026-01-09 18:00:00,IE,5654.295
2026-01-09 18:30:00,IE,5623.819
2026-01-09 19:00:00,IE,5546.966
2026-01-09 19:30:00,IE,5469.634
2026-01-09 20:00:00,IE,5351.431
2026-01-09 20:30:00,IE,5274.328
2026-01-09 21:00:00,IE,5119.321
2026-01-09 21:30:00,IE,4957.933
2026-01-09 22:00:00,IE,4788.331
2026-01-09 22:30:00,IE,4646.237
2026-01-09 23:00:00,IE,4487.584
2026-01-09 23:30:00,IE,4535.194
2026-01-10 00:00:00,IE,4418.144
2026-01-10 00:30:00,IE,4304.644
2026-01-10 01:00:00,IE,4186.926
2026-01-10 01:30:00,IE,4070.901
2026-01-10 02:00:00,IE,4008.304
2026-01-10 02:30:00,IE,4060.508
2026-01-10 03:00:00,IE,3998.393
2026-01-10 03:30:00,IE,3929.503
2026-01-10 04:00:00,IE,3883.575
2026-01-10 04:30:00,IE,3833.119
2026-01-10 05:00:00,IE,3814.96
2026-01-10 05:30:00,IE,3804.454
2026-01-10 06:00:00,IE,3817.231
2026-01-10 06:30:00,IE,3885.486
2026-01-10 07:00:00,IE,3977.914
2026-01-10 07:30:00,IE,4143.805
2026-01-10 08:00:00,IE,4234.504
2026-01-10 08:30:00,IE,4371.936
2026-01-10 09:00:00,IE,4531.482
2026-01-10 09:30:00,IE,4698.578
2026-01-10 10:00:00,IE,4753.831
2026-01-10 10:30:00,IE,4785.564
2026-01-10 11:00:00,IE,4768.078
2026-01-10 11:30:00,IE,4746.223
2026-01-10 12:00:00,IE,4734.641
2026-01-10 12:30:00,IE,4790.376
2026-01-10 13:00:00,IE,4815.071
2026-01-10 13:30:00,IE,4799.975
2026-01-10 14:00:00,IE,4795.242
2026-01-10 14:30:00,IE,4797.252
2026-01-10 15:00:00,IE,4819.784
2026-01-10 15:30:00,IE,4861.097
2026-01-10 16:00:00,IE,4878.665
2026-01-10 16:30:00,IE,5009.226
2026-01-10 17:00:00,IE,5208.623
2026-01-10 17:30:00,IE,5261.223
2026-01-10 18:00:00,IE,5216.458
2026-01-10 18:30:00,IE,5140.106
2026-01-10 19:00:00,IE,5034.406
2026-01-10 19:30:00,IE,4940.364
2026-01-10 20:00:00,IE,4858.504
2026-01-10 20:30:00,IE,4725.59
2026-01-10 21:00:00,IE,4614.89
2026-01-10 21:30:00,IE,4500.778
2026-01-10 22:00:00,IE,4372.664
2026-01-10 22:30:00,IE,4273.172
2026-01-10 23:00:00,IE,4145.851
2026-01-10 23:30:00,IE,4204.854
2026-01-11 00:00:00,IE,4098.647
2026-01-11 00:30:00,IE,4025.348
2026-01-11 01:00:00,IE,3903.978
2026-01-11 01:30:00,IE,3814.34
2026-01-11 02:00:00,IE,3730.099
2026-01-11 02:30:00,IE,3762.994
2026-01-11 03:00:00,IE,3692.787
2026-01-11 03:30:00,IE,3629.379
2026-01-11 04:00:00,IE,3561.163
2026-01-11 04:30:00,IE,3528.704
2026-01-11 05:00:00,IE,3454.972
2026-01-11 05:30:00,IE,3462.145
2026-01-11 06:00:00,IE,3475.534
2026-01-11 06:30:00,IE,3502.542
2026-01-11 07:00:00,IE,3532.545
2026-01-11 07:30:00,IE,3649.511
2026-01-11 08:00:00,IE,3658.933
2026-01-11 08:30:00,IE,3777.814
2026-01-11 09:00:00,IE,3908.254
2026-01-11 09:30:00,IE,4052.233
2026-01-11 10:00:00,IE,4225.318
2026-01-11 10:30:00,IE,4321.852
2026-01-11 11:00:00,IE,4422.45
2026-01-11 11:30:00,IE,4504.08
2026-01-11 12:00:00,IE,4550.058
2026-01-11 12:30:00,IE,4641.396
2026-01-11 13:00:00,IE,4690.172
2026-01-11 13:30:00,IE,4726.577
2026-01-11 14:00:00,IE,4685.818
2026-01-11 14:30:00,IE,4659.517
2026-01-11 15:00:00,IE,4685.535
2026-01-11 15:30:00,IE,4720.814
2026-01-11 16:00:00,IE,4766.938
2026-01-11 16:30:00,IE,4914.766
2026-01-11 17:00:00,IE,5035.357
2026-01-11 17:30:00,IE,5130.311
2026-01-11 18:00:00,IE,5134.973
2026-01-11 18:30:00,IE,5039.511
2026-01-11 19:00:00,IE,4953.776
2026-01-11 19:30:00,IE,4838.71
2026-01-11 20:00:00,IE,4743.306
2026-01-11 20:30:00,IE,4640.754
2026-01-11 21:00:00,IE,4504.483
2026-01-11 21:30:00,IE,4402.8
2026-01-11 22:00:00,IE,4223.354
2026-01-11 22:30:00,IE,4044.548
2026-01-11 23:00:00,IE,3901.269
2026-01-11 23:30:00,IE,3935.303
2026-01-12 00:00:00,IE,3803.941
2026-01-12 00:30:00,IE,3769.843
2026-01-12 01:00:00,IE,3677.776
2026-01-12 01:30:00,IE,3604.586
2026-01-12 02:00:00,IE,3571.859
2026-01-12 02:30:00,IE,3631.716
2026-01-12 03:00:00,IE,3595.8
2026-01-12 03:30:00,IE,3530.47
2026-01-12 04:00:00,IE,3471.406
2026-01-12 04:30:00,IE,3476.785
2026-01-12 05:00:00,IE,3468.942
2026-01-12 05:30:00,IE,3555.735
2026-01-12 06:00:00,IE,3681.83
2026-01-12 06:30:00,IE,3933.802
2026-01-12 07:00:00,IE,4206.877
2026-01-12 07:30:00,IE,4545.705
2026-01-12 08:00:00,IE,4748.437
2026-01-12 08:30:00,IE,4799.711
2026-01-12 09:00:00,IE,4855.04
2026-01-12 09:30:00,IE,4932.357
2026-01-12 10:00:00,IE,4927.898
2026-01-12 10:30:00,IE,4926.725
2026-01-12 11:00:00,IE,4890.202
2026-01-12 11:30:00,IE,4877.718
2026-01-12 12:00:00,IE,4861.256
2026-01-12 12:30:00,IE,4865.858
2026-01-12 13:00:00,IE,4839.44
2026-01-12 13:30:00,IE,4839.628
2026-01-12 14:00:00,IE,4772.785
2026-01-12 14:30:00,IE,4793.199
2026-01-12 15:00:00,IE,4896.336
2026-01-12 15:30:00,IE,4960.123
2026-01-12 16:00:00,IE,5024.261
2026-01-12 16:30:00,IE,5183.15
2026-01-12 17:00:00,IE,5392.399
2026-01-12 17:30:00,IE,5496.374
2026-01-12 18:00:00,IE,5471.642
2026-01-12 18:30:00,IE,5403.856
2026-01-12 19:00:00,IE,5286.058
2026-01-12 19:30:00,IE,5231.314
2026-01-12 20:00:00,IE,5109.748
2026-01-12 20:30:00,IE,4978.813
2026-01-12 21:00:00,IE,4855.466
2026-01-12 21:30:00,IE,4707.218
2026-01-12 22:00:00,IE,4512.034
2026-01-12 22:30:00,IE,4300.028
2026-01-12 23:00:00,IE,4155.567
2026-01-12 23:30:00,IE,4193.532
2026-01-13 00:00:00,IE,4041.965
2026-01-13 00:30:00,IE,3966.982
2026-01-13 01:00:00,IE,3876.03
2026-01-13 01:30:00,IE,3819.873
2026-01-13 02:00:00,IE,3792.953
2026-01-13 02:30:00,IE,3855.544
2026-01-13 03:00:00,IE,3803.548
2026-01-13 03:30:00,IE,3767.379
2026-01-13 04:00:00,IE,3694.484
2026-01-13 04:30:00,IE,3645.819
2026-01-13 05:00:00,IE,3642.073
2026-01-13 05:30:00,IE,3695.924
2026-01-13 06:00:00,IE,3840.877
2026-01-13 06:30:00,IE,4052.121
2026-01-13 07:00:00,IE,4362.576
2026-01-13 07:30:00,IE,4758.363
2026-01-13 08:00:00,IE,4927.249
2026-01-13 08:30:00,IE,4943.884
2026-01-13 09:00:00,IE,4956.282
2026-01-13 09:30:00,IE,5002.276
2026-01-13 10:00:00,IE,4962.474
2026-01-13 10:30:00,IE,4866.296
2026-01-13 11:00:00,IE,4764.765
2026-01-13 11:30:00,IE,4733.769
2026-01-13 12:00:00,IE,4697.859
2026-01-13 12:30:00,IE,4670.695
2026-01-13 13:00:00,IE,4625.429
2026-01-13 13:30:00,IE,4608.593
2026-01-13 14:00:00,IE,4588.13
2026-01-13 14:30:00,IE,4626.685
2026-01-13 15:00:00,IE,4732.126
2026-01-13 15:30:00,IE,4864.442
2026-01-13 16:00:00,IE,4920.497
2026-01-13 16:30:00,IE,5129.351
2026-01-13 17:00:00,IE,5341.126
2026-01-13 17:30:00,IE,5513.431
2026-01-13 18:00:00,IE,5532.19
2026-01-13 18:30:00,IE,5455.367
2026-01-13 19:00:00,IE,5407.856
2026-01-13 19:30:00,IE,5350.23
2026-01-13 20:00:00,IE,5268.758
2026-01-13 20:30:00,IE,5184.115
2026-01-13 21:00:00,IE,5070.739
2026-01-13 21:30:00,IE,4901.578
2026-01-13 22:00:00,IE,4701.113
2026-01-13 22:30:00,IE,4490.772
2026-01-13 23:00:00,IE,4313.801
2026-01-13 23:30:00,IE,4325.681
2026-01-14 00:00:00,IE,4163.467
2026-01-14 00:30:00,IE,4083.876
2026-01-14 01:00:00,IE,3992.013
2026-01-14 01:30:00,IE,3886.382
2026-01-14 02:00:00,IE,3842.688
2026-01-14 02:30:00,IE,3905.807
2026-01-14 03:00:00,IE,3822.218
2026-01-14 03:30:00,IE,3814.884
2026-01-14 04:00:00,IE,3765.052
2026-01-14 04:30:00,IE,3726.734
2026-01-14 05:00:00,IE,3730.114
2026-01-14 05:30:00,IE,3797.351
2026-01-14 06:00:00,IE,3919.586
2026-01-14 06:30:00,IE,4146.002
2026-01-14 07:00:00,IE,4427.788
2026-01-14 07:30:00,IE,4812.817
2026-01-14 08:00:00,IE,4947.131
2026-01-14 08:30:00,IE,5026.402
2026-01-14 09:00:00,IE,5078.288
2026-01-14 09:30:00,IE,5166.797
2026-01-14 10:00:00,IE,5157.713
2026-01-14 10:30:00,IE,5142.482
2026-01-14 11:00:00,IE,5226.462
2026-01-14 11:30:00,IE,5183.677
2026-01-14 12:00:00,IE,5213.067
2026-01-14 12:30:00,IE,5266.898
2026-01-14 13:00:00,IE,5248.509
2026-01-14 13:30:00,IE,5158.628
2026-01-14 16:00:00,IE,5295.692
2026-01-14 16:30:00,IE,5399.196
2026-01-14 17:00:00,IE,5497.129
2026-01-14 17:30:00,IE,5605.384
2026-01-14 18:00:00,IE,5612.68
2026-01-14 18:30:00,IE,5509.67
2026-01-14 19:00:00,IE,5441.791
2026-01-14 19:30:00,IE,5363.218
2026-01-14 20:00:00,IE,5208.146
2026-01-14 20:30:00,IE,5111.343
2026-01-14 21:00:00,IE,4984.466
2026-01-14 21:30:00,IE,4777.135
2026-01-14 22:00:00,IE,4567.216
2026-01-14 22:30:00,IE,4322.668
2026-01-14 23:00:00,IE,4180.721
2026-01-14 23:30:00,IE,4215.23
2026-01-15 00:00:00,IE,4092.905
2026-01-15 00:30:00,IE,3991.73
2026-01-15 01:00:00,IE,3835.666
2026-01-15 01:30:00,IE,3777.16
2026-01-15 02:00:00,IE,3752.13
2026-01-15 02:30:00,IE,3847.803
2026-01-15 03:00:00,IE,3787.715
2026-01-15 03:30:00,IE,3747.093
2026-01-15 04:00:00,IE,3672.141
2026-01-15 04:30:00,IE,3660.762
2026-01-15 05:00:00,IE,3675.44
2026-01-15 05:30:00,IE,3753.994
2026-01-15 06:00:00,IE,3882.181
2026-01-15 06:30:00,IE,4122.806
2026-01-15 07:00:00,IE,4414.526
2026-01-15 07:30:00,IE,4778.033
2026-01-15 08:00:00,IE,4934.706
2026-01-15 08:30:00,IE,4991.495
2026-01-15 09:00:00,IE,5041.079
2026-01-15 09:30:00,IE,5087.145
2026-01-15 10:00:00,IE,5030.203
2026-01-15 10:30:00,IE,4967.325
2026-01-15 11:00:00,IE,4882.925
2026-01-15 11:30:00,IE,4836.564
2026-01-15 12:00:00,IE,4794.776
2026-01-15 12:30:00,IE,4778.499
2026-01-15 13:00:00,IE,4772.912
2026-01-15 13:30:00,IE,4713.706
2026-01-15 14:00:00,IE,4756.063
2026-01-15 14:30:00,IE,4729.217
2026-01-15 15:00:00,IE,4809.587
2026-01-15 15:30:00,IE,4920.118
2026-01-15 16:00:00,IE,5025.505
2026-01-15 16:30:00,IE,5191.661
2026-01-15 17:00:00,IE,5356.083
2026-01-15 17:30:00,IE,5535.666
2026-01-15 18:00:00,IE,5512.474
2026-01-15 18:30:00,IE,5470.851
2026-01-15 19:00:00,IE,5394.664
2026-01-15 19:30:00,IE,5311.452
2026-01-15 20:00:00,IE,5197.44
2026-01-15 20:30:00,IE,5109.066
2026-01-15 21:00:00,IE,4982.171
2026-01-15 21:30:00,IE,4781.013
2026-01-15 22:00:00,IE,4575.431
2026-01-15 22:30:00,IE,4364.575
2026-01-15 23:00:00,IE,4239.646
2026-01-15 23:30:00,IE,4272.985
2026-01-16 00:00:00,IE,4096.242
2026-01-16 00:30:00,IE,4001.781
2026-01-16 01:00:00,IE,3933.613
2026-01-16 01:30:00,IE,3916.14
2026-01-16 03:00:00,IE,3846.237
2026-01-16 03:30:00,IE,3806.33
2026-01-16 04:00:00,IE,3733.385
2026-01-16 04:30:00,IE,3672.426
2026-01-16 05:00:00,IE,3652.095
2026-01-16 05:30:00,IE,3695.53
2026-01-16 07:00:00,IE,4338.887
2026-01-16 07:30:00,IE,4717.354
2026-01-16 08:00:00,IE,4921.555
2026-01-16 08:30:00,IE,4958.848
2026-01-16 09:00:00,IE,5022.503
2026-01-16 09:30:00,IE,5048.48
2026-01-16 10:00:00,IE,5038.908
2026-01-16 10:30:00,IE,4961.697
2026-01-16 11:00:00,IE,4964.055
2026-01-16 11:30:00,IE,4922.707
2026-01-16 12:00:00,IE,4883.756
2026-01-16 12:30:00,IE,4925.226
2026-01-16 13:00:00,IE,4919.005
2026-01-16 13:30:00,IE,4953.386
2026-01-16 14:00:00,IE,4929.524
2026-01-16 14:30:00,IE,4929.772
2026-01-16 15:00:00,IE,4967.374
2026-01-16 15:30:00,IE,5036.654
2026-01-16 16:00:00,IE,5065.885
2026-01-16 16:30:00,IE,5193.277
2026-01-16 17:00:00,IE,5351.534
2026-01-16 17:30:00,IE,5502.5
2026-01-16 18:00:00,IE,5490.942
2026-01-16 18:30:00,IE,5410.797
2026-01-16 19:00:00,IE,5315.983
2026-01-16 19:30:00,IE,5228.978
2026-01-16 21:00:00,IE,4892.117
2026-01-16 21:30:00,IE,4756.315
2026-01-16 22:00:00,IE,4587.748
2026-01-16 22:30:00,IE,4431.357
2026-01-16 23:00:00,IE,4301.304
2026-01-16 23:30:00,IE,4354.58
2026-01-17 00:00:00,IE,4230.226
2026-01-17 00:30:00,IE,4120.936
2026-01-17 01:00:00,IE,4009.715
2026-01-17 01:30:00,IE,3956.856
2026-01-17 02:00:00,IE,3878.057
2026-01-17 02:30:00,IE,3941.828
2026-01-17 03:00:00,IE,3879.309
2026-01-17 03:30:00,IE,3842.212
2026-01-17 04:00:00,IE,3777.565
2026-01-17 04:30:00,IE,3745.446
2026-01-17 05:00:00,IE,3715.885
2026-01-17 05:30:00,IE,3721.814
2026-01-17 06:00:00,IE,3749.013
2026-01-17 06:30:00,IE,3835.623
2026-01-17 07:00:00,IE,3927.075
2026-01-17 07:30:00,IE,4056.973
2026-01-17 08:00:00,IE,4156.297
2026-01-17 08:30:00,IE,4298.797
2026-01-17 10:00:00,IE,4689.978
2026-01-17 10:30:00,IE,4752.294
2026-01-17 11:00:00,IE,4759.512
2026-01-17 11:30:00,IE,4763.004
2026-01-17 12:00:00,IE,4751.039
2026-01-17 12:30:00,IE,4760.96
2026-01-17 13:00:00,IE,4753.512
2026-01-17 13:30:00,IE,4760.266
2026-01-17 14:00:00,IE,4689.644
2026-01-17 14:30:00,IE,4691.902
2026-01-17 15:00:00,IE,4707.417
2026-01-17 15:30:00,IE,4723.391
2026-01-17 16:00:00,IE,4781.552
2026-01-17 16:30:00,IE,4882.576
2026-01-17 17:00:00,IE,5054.677
2026-01-17 17:30:00,IE,5255.624
2026-01-17 18:00:00,IE,5230.406
2026-01-17 18:30:00,IE,5168.473
2026-01-17 19:00:00,IE,5053.326
2026-01-17 19:30:00,IE,4952.57
2026-01-17 20:00:00,IE,4878.184
2026-01-17 20:30:00,IE,4767.866
2026-01-17 21:00:00,IE,4662.084
2026-01-17 21:30:00,IE,4544.602
2026-01-17 22:00:00,IE,4399.562
2026-01-17 22:30:00,IE,4262.089
2026-01-17 23:00:00,IE,4148.388
2026-01-17 23:30:00,IE,4217.745
2026-01-18 00:00:00,IE,4124.17
2026-01-18 00:30:00,IE,4050.552
2026-01-18 01:00:00,IE,3954.284
2026-01-18 01:30:00,IE,3870.923
2026-01-18 02:00:00,IE,3810.354
2026-01-18 02:30:00,IE,3865.726
2026-01-18 03:00:00,IE,3799.358
2026-01-18 03:30:00,IE,3745.102
2026-01-18 04:00:00,IE,3682.787
2026-01-18 04:30:00,IE,3647.796
2026-01-18 05:00:00,IE,3588.411
2026-01-18 05:30:00,IE,3596.364
2026-01-18 06:00:00,IE,3595.975
2026-01-18 06:30:00,IE,3638.915
2026-01-18 07:00:00,IE,3684.172
2026-01-18 07:30:00,IE,3792.863
2026-01-18 08:00:00,IE,3837.028
2026-01-18 08:30:00,IE,3898.89
2026-01-18 09:00:00,IE,4042.506
2026-01-18 09:30:00,IE,4190.889
2026-01-18 10:00:00,IE,4268.394
2026-01-18 10:30:00,IE,4328.65
2026-01-18 11:00:00,IE,4378.022
2026-01-18 11:30:00,IE,4388.048
2026-01-18 12:00:00,IE,4384.947
2026-01-18 12:30:00,IE,4453.495
2026-01-18 13:00:00,IE,4499
2026-01-18 13:30:00,IE,4489.11
2026-01-18 14:00:00,IE,4459.925
2026-01-18 14:30:00,IE,4453.831
2026-01-18 15:00:00,IE,4517.166
2026-01-18 15:30:00,IE,4562.71
2026-01-18 16:00:00,IE,4660.155
2026-01-18 16:30:00,IE,4790.258
2026-01-18 17:00:00,IE,4938.26
2026-01-18 17:30:00,IE,5084.547
2026-01-18 18:00:00,IE,5147.493
2026-01-18 18:30:00,IE,5099.163
2026-01-18 19:00:00,IE,5001.518
2026-01-18 19:30:00,IE,4911.687
2026-01-18 20:00:00,IE,4828.206
2026-01-18 20:30:00,IE,4687.586
2026-01-18 21:00:00,IE,4587.796
2026-01-18 21:30:00,IE,4414.909
2026-01-18 22:00:00,IE,4255.241
2026-01-18 22:30:00,IE,4077.788
2026-01-18 23:00:00,IE,3934.114
2026-01-18 23:30:00,IE,3959.887
2026-01-19 00:00:00,IE,3800.619
2026-01-19 00:30:00,IE,3756.264
2026-01-19 01:00:00,IE,3655.386
2026-01-19 01:30:00,IE,3575.722
2026-01-19 02:00:00,IE,3539.578
2026-01-19 02:30:00,IE,3655.067
2026-01-19 03:00:00,IE,3583.7
2026-01-19 03:30:00,IE,3570.95
2026-01-19 04:00:00,IE,3545.058
2026-01-19 04:30:00,IE,3542.725
2026-01-19 05:00:00,IE,3518.424
2026-01-19 05:30:00,IE,3584.824
2026-01-19 06:00:00,IE,3727.153
2026-01-19 06:30:00,IE,3961.214
2026-01-19 07:00:00,IE,4262.811
2026-01-19 07:30:00,IE,4677.07
2026-01-19 08:00:00,IE,4848.18
2026-01-19 08:30:00,IE,4943.61
2026-01-19 09:00:00,IE,5008.026
2026-01-19 09:30:00,IE,5107.326
2026-01-19 10:00:00,IE,5115.104
2026-01-19 10:30:00,IE,5134.612
2026-01-19 11:00:00,IE,5172.702
2026-01-19 11:30:00,IE,5193.296
2026-01-19 12:00:00,IE,5179.687
2026-01-19 12:30:00,IE,5189.223
2026-01-19 13:00:00,IE,5182.284
2026-01-19 13:30:00,IE,5109.963
2026-01-19 14:00:00,IE,5088.808
2026-01-19 14:30:00,IE,5104.559
2026-01-19 15:00:00,IE,5146.08
2026-01-19 15:30:00,IE,5197.272
2026-01-19 16:00:00,IE,5270.402
2026-01-19 16:30:00,IE,5386.151
2026-01-19 17:00:00,IE,5531.458
2026-01-19 17:30:00,IE,5677.367
2026-01-19 18:00:00,IE,5676.177
2026-01-19 18:30:00,IE,5605.332
2026-01-19 19:00:00,IE,5502.388
2026-01-19 19:30:00,IE,5431.702
2026-01-19 20:00:00,IE,5309.338
2026-01-19 20:30:00,IE,5203.119
2026-01-19 21:00:00,IE,5093.474
2026-01-19 21:30:00,IE,4866.55
2026-01-19 22:00:00,IE,4675.699
2026-01-19 22:30:00,IE,4510.713
2026-01-19 23:00:00,IE,4335.708
2026-01-19 23:30:00,IE,4307.23
2026-01-20 00:00:00,IE,4192.608
2026-01-20 00:30:00,IE,4130.762
2026-01-20 01:00:00,IE,3988.887
2026-01-20 01:30:00,IE,3924.682
2026-01-20 02:00:00,IE,3901.209
2026-01-20 02:30:00,IE,3953.978
2026-01-20 03:00:00,IE,3856.873
2026-01-20 03:30:00,IE,3803.569
2026-01-20 04:00:00,IE,3709.218
2026-01-20 04:30:00,IE,3646.599
2026-01-20 05:00:00,IE,3636.645
2026-01-20 05:30:00,IE,3707.257
2026-01-20 06:00:00,IE,3803.79
2026-01-20 06:30:00,IE,4038.988
2026-01-20 07:00:00,IE,4357.855
2026-01-20 07:30:00,IE,4713.81
2026-01-20 08:00:00,IE,4855.143
2026-01-20 08:30:00,IE,4933.87
2026-01-20 09:00:00,IE,5019.711
2026-01-20 09:30:00,IE,5117.984
2026-01-20 10:00:00,IE,5092.506
2026-01-20 10:30:00,IE,5069.992
2026-01-20 11:00:00,IE,5089.862
2026-01-20 11:30:00,IE,5091.051
2026-01-20 12:00:00,IE,5074.928
2026-01-20 12:30:00,IE,5018.627
2026-01-20 13:00:00,IE,5003.922
2026-01-20 13:30:00,IE,4918.97
2026-01-20 14:00:00,IE,4959.734
2026-01-20 14:30:00,IE,4948.463
2026-01-20 15:00:00,IE,4970.259
2026-01-20 15:30:00,IE,4990.435
2026-01-20 16:00:00,IE,5032.8
2026-01-20 16:30:00,IE,5162.114
2026-01-20 17:00:00,IE,5344.884
2026-01-20 17:30:00,IE,5536.204
2026-01-20 18:00:00,IE,5519.585
2026-01-20 18:30:00,IE,5464.918
2026-01-20 19:00:00,IE,5352.902
2026-01-20 19:30:00,IE,5286.56
2026-01-20 20:00:00,IE,5133.996
2026-01-20 20:30:00,IE,5027.312
2026-01-20 21:00:00,IE,4913.733
2026-01-20 21:30:00,IE,4746.834
2026-01-20 22:00:00,IE,4540.438
2026-01-20 22:30:00,IE,4364.54
2026-01-20 23:00:00,IE,4181.03
2026-01-20 23:30:00,IE,4174.12
2026-01-21 00:00:00,IE,4044.058
2026-01-21 00:30:00,IE,3971.757
2026-01-21 01:00:00,IE,3872.06
2026-01-21 01:30:00,IE,3823.526
2026-01-21 02:00:00,IE,3792.96
2026-01-21 02:30:00,IE,3875.196
2026-01-21 03:00:00,IE,3819.637
2026-01-21 03:30:00,IE,3734.671
2026-01-21 04:00:00,IE,3756.28
2026-01-21 04:30:00,IE,3728.763
2026-01-21 05:00:00,IE,3741.418
2026-01-21 05:30:00,IE,3758.82
2026-01-21 06:00:00,IE,3917.783
2026-01-21 06:30:00,IE,4145.202
2026-01-21 07:00:00,IE,4434.385
2026-01-21 07:30:00,IE,4789.33
2026-01-21 08:00:00,IE,4988.051
2026-01-21 08:30:00,IE,5042.398
2026-01-21 09:00:00,IE,5067.452
2026-01-21 09:30:00,IE,5120.118
2026-01-21 10:00:00,IE,5113.749
2026-01-21 10:30:00,IE,5020.797
2026-01-21 11:00:00,IE,5036.104
2026-01-21 11:30:00,IE,5035.144
2026-01-21 12:00:00,IE,5012.255
2026-01-21 12:30:00,IE,5069.487
2026-01-21 13:00:00,IE,5082.804
2026-01-21 13:30:00,IE,5034.604
2026-01-21 14:00:00,IE,5068.17
2026-01-21 14:30:00,IE,5067.934
2026-01-21 15:00:00,IE,5127.627
2026-01-21 15:30:00,IE,5161.958
2026-01-21 16:00:00,IE,5226.905
2026-01-21 16:30:00,IE,5362.918
2026-01-21 17:00:00,IE,5466.601
2026-01-21 17:30:00,IE,5625.234
2026-01-21 18:00:00,IE,5639.39
2026-01-21 18:30:00,IE,5558.296
2026-01-21 19:00:00,IE,5459.436
2026-01-21 19:30:00,IE,5363.41
2026-01-21 20:00:00,IE,5250.448
2026-01-21 20:30:00,IE,5135.927
2026-01-21 21:00:00,IE,5025
2026-01-21 21:30:00,IE,4820.332
2026-01-21 22:00:00,IE,4646.734
2026-01-21 22:30:00,IE,4426.814
2026-01-21 23:00:00,IE,4243.628
2026-01-21 23:30:00,IE,4292.012
2026-01-22 00:00:00,IE,4130.832
2026-01-22 00:30:00,IE,4041.996
2026-01-22 01:00:00,IE,3943.283
2026-01-22 01:30:00,IE,3852.819
2026-01-22 02:00:00,IE,3805.665
2026-01-22 02:30:00,IE,3873.275
2026-01-22 03:00:00,IE,3817.527
2026-01-22 03:30:00,IE,3799.291
2026-01-22 04:00:00,IE,3750.035
2026-01-22 04:30:00,IE,3715.824
2026-01-22 05:00:00,IE,3716.568
2026-01-22 05:30:00,IE,3775.904
2026-01-22 06:00:00,IE,3899.608
2026-01-22 06:30:00,IE,4112.378
2026-01-22 07:00:00,IE,4401.36
2026-01-22 07:30:00,IE,4793.49
2026-01-22 08:00:00,IE,4948.031
2026-01-22 08:30:00,IE,5004.298
2026-01-22 09:00:00,IE,5054.802
2026-01-22 09:30:00,IE,5107.198
2026-01-22 10:00:00,IE,5090.111
2026-01-22 10:30:00,IE,5076.175
2026-01-22 11:00:00,IE,5059.331
2026-01-22 11:30:00,IE,5047.806
2026-01-22 12:00:00,IE,5011.609
2026-01-22 12:30:00,IE,5014.625
2026-01-22 13:00:00,IE,5036.745
2026-01-22 13:30:00,IE,4935.44
2026-01-22 14:00:00,IE,4953.032
2026-01-22 14:30:00,IE,4972.527
2026-01-22 15:00:00,IE,5012.827
2026-01-22 15:30:00,IE,5076.351
2026-01-22 16:00:00,IE,5146.558
2026-01-22 16:30:00,IE,5260.229
2026-01-22 17:00:00,IE,5400.929
2026-01-22 17:30:00,IE,5585.158
2026-01-22 18:00:00,IE,5591.131
2026-01-22 18:30:00,IE,5539.469
2026-01-22 19:00:00,IE,5462.358
2026-01-22 19:30:00,IE,5401.487
2026-01-22 20:00:00,IE,5292.95
2026-01-22 20:30:00,IE,5204.796
2026-01-22 21:00:00,IE,5069.148
2026-01-22 21:30:00,IE,4903.69
2026-01-22 22:00:00,IE,4717.95
2026-01-22 22:30:00,IE,4524.155
2026-01-22 23:00:00,IE,4366.663
2026-01-22 23:30:00,IE,4388.688
2026-01-23 00:00:00,IE,4256.592
2026-01-23 00:30:00,IE,4176.574
2026-01-23 01:00:00,IE,4081.018
2026-01-23 01:30:00,IE,4041.343
2026-01-23 02:00:00,IE,3976.373
2026-01-23 02:30:00,IE,4038.264
2026-01-23 03:00:00,IE,3957.588
2026-01-23 03:30:00,IE,3932.34
2026-01-23 04:00:00,IE,3892.594
2026-01-23 04:30:00,IE,3847.06
2026-01-23 05:00:00,IE,3811.092
2026-01-23 05:30:00,IE,3851.178
2026-01-23 06:00:00,IE,3964.794
2026-01-23 06:30:00,IE,4184.811
2026-01-23 07:00:00,IE,4410.721
2026-01-23 07:30:00,IE,4797.241
2026-01-23 08:00:00,IE,4950.719
2026-01-23 08:30:00,IE,4995.899
2026-01-23 09:00:00,IE,5038.979
2026-01-23 09:30:00,IE,5098.217
2026-01-23 10:00:00,IE,5109.69
2026-01-23 10:30:00,IE,5070.883
2026-01-23 11:00:00,IE,5092.856
2026-01-23 11:30:00,IE,5077.84
2026-01-23 12:00:00,IE,5084.326
2026-01-23 12:30:00,IE,5093.582
2026-01-23 13:00:00,IE,5086.029
2026-01-23 13:30:00,IE,5002.289
2026-01-23 14:00:00,IE,4958.343
2026-01-23 14:30:00,IE,4933.283
2026-01-23 15:00:00,IE,4909.959
2026-01-23 15:30:00,IE,4954.604
2026-01-23 16:00:00,IE,4992.708
2026-01-23 16:30:00,IE,5125.266
2026-01-23 17:00:00,IE,5233.565
2026-01-23 17:30:00,IE,5415.583
2026-01-23 18:00:00,IE,5435.321
2026-01-23 18:30:00,IE,5380.702
2026-01-23 19:00:00,IE,5296.258
2026-01-23 19:30:00,IE,5208.147
2026-01-23 20:00:00,IE,5079.831
2026-01-23 20:30:00,IE,4964.288
2026-01-23 21:00:00,IE,4820.135
2026-01-23 21:30:00,IE,4662.329
2026-01-23 22:00:00,IE,4519.072
2026-01-23 22:30:00,IE,4341.669
2026-01-23 23:00:00,IE,4217.418
2026-01-23 23:30:00,IE,4257.766
2026-01-24 00:00:00,IE,4112.786
2026-01-24 00:30:00,IE,4033.385
2026-01-24 01:00:00,IE,3913.485
2026-01-24 01:30:00,IE,3819.968
2026-01-24 02:00:00,IE,3764.71
2026-01-24 02:30:00,IE,3843.526
2026-01-24 03:00:00,IE,3785.518
2026-01-24 03:30:00,IE,3725.893
2026-01-24 04:00:00,IE,3642.55
2026-01-24 04:30:00,IE,3594.661
2026-01-24 05:00:00,IE,3585.703
2026-01-24 05:30:00,IE,3609.398
2026-01-24 06:00:00,IE,3631.566
2026-01-24 06:30:00,IE,3729.59
2026-01-24 07:00:00,IE,3800.48
2026-01-24 07:30:00,IE,3916.885
2026-01-24 08:00:00,IE,3990.331
2026-01-24 08:30:00,IE,4141.017
2026-01-24 09:00:00,IE,4279.954
2026-01-24 09:30:00,IE,4474.489
2026-01-24 10:00:00,IE,4601.419
2026-01-24 10:30:00,IE,4664.706
2026-01-24 11:00:00,IE,4694.876
2026-01-24 11:30:00,IE,4714.76
2026-01-24 12:00:00,IE,4735.958
2026-01-24 12:30:00,IE,4783.409
2026-01-24 13:00:00,IE,4780.678
2026-01-24 13:30:00,IE,4755.6
2026-01-24 14:00:00,IE,4721.676
2026-01-24 14:30:00,IE,4693.582
2026-01-24 15:00:00,IE,4694.86
2026-01-24 15:30:00,IE,4725.688
2026-01-24 16:00:00,IE,4770.339
2026-01-24 16:30:00,IE,4857.941
2026-01-24 17:00:00,IE,5011.384
2026-01-24 17:30:00,IE,5135.906
2026-01-24 18:00:00,IE,5143.861
2026-01-24 18:30:00,IE,5092.258
2026-01-24 19:00:00,IE,4958.899
2026-01-24 19:30:00,IE,4858.078
2026-01-24 20:00:00,IE,4749.43
2026-01-24 20:30:00,IE,4612.664
2026-01-24 21:00:00,IE,4524.704
2026-01-24 21:30:00,IE,4403.566
2026-01-24 22:00:00,IE,4303.289
2026-01-24 22:30:00,IE,4152.559
2026-01-24 23:00:00,IE,4050.774
2026-01-24 23:30:00,IE,4118.17
2026-01-25 00:00:00,IE,4027.711
2026-01-25 00:30:00,IE,3946.308
2026-01-25 01:00:00,IE,3852.532
2026-01-25 01:30:00,IE,3776.877
2026-01-25 02:00:00,IE,3709.377
2026-01-25 02:30:00,IE,3772.016
2026-01-25 03:00:00,IE,3707.533
2026-01-25 03:30:00,IE,3656.742
2026-01-25 04:00:00,IE,3618.151
2026-01-25 04:30:00,IE,3540.735
2026-01-25 05:00:00,IE,3516.781
2026-01-25 05:30:00,IE,3517.22
2026-01-25 06:00:00,IE,3536.015
2026-01-25 06:30:00,IE,3583.823
2026-01-25 07:00:00,IE,3654.781
2026-01-25 07:30:00,IE,3745.742
2026-01-25 08:00:00,IE,3822.38
2026-01-25 08:30:00,IE,3918.569
2026-01-25 09:00:00,IE,4048.857
2026-01-25 09:30:00,IE,4229.552
2026-01-25 10:00:00,IE,4312.911
2026-01-25 10:30:00,IE,4406.688
2026-01-25 11:00:00,IE,4455.764
2026-01-25 11:30:00,IE,4471.04
2026-01-25 12:00:00,IE,4477.035
2026-01-25 12:30:00,IE,4525.686
2026-01-25 13:00:00,IE,4521.374
2026-01-25 13:30:00,IE,4500.639
2026-01-25 14:00:00,IE,4475.326
2026-01-25 14:30:00,IE,4456.641
2026-01-25 15:00:00,IE,4492.827
2026-01-25 15:30:00,IE,4504.366
2026-01-25 16:00:00,IE,4597.982
2026-01-25 16:30:00,IE,4716.492
2026-01-25 17:00:00,IE,4851.481
2026-01-25 17:30:00,IE,5082.228
2026-01-25 18:00:00,IE,5099.469
2026-01-25 18:30:00,IE,5053.626
2026-01-25 19:00:00,IE,5017.901
2026-01-25 19:30:00,IE,4939.326
2026-01-25 20:00:00,IE,4829.699
2026-01-25 20:30:00,IE,4729.305
2026-01-25 21:00:00,IE,4602.507
2026-01-25 21:30:00,IE,4433.465
2026-01-25 22:00:00,IE,4273.538
2026-01-25 22:30:00,IE,4094.965
2026-01-25 23:00:00,IE,3939.14
2026-01-25 23:30:00,IE,3987.84
2026-01-26 00:00:00,IE,3861.801
2026-01-26 00:30:00,IE,3801.44
2026-01-26 01:00:00,IE,3713.508
2026-01-26 01:30:00,IE,3657.214
2026-01-26 02:00:00,IE,3633.092
2026-01-26 02:30:00,IE,3676.258
2026-01-26 03:00:00,IE,3598.565
2026-01-26 03:30:00,IE,3605.61
2026-01-26 04:00:00,IE,3514.197
2026-01-26 04:30:00,IE,3511.654
2026-01-26 05:00:00,IE,3515.426
2026-01-26 05:30:00,IE,3574.508
2026-01-26 06:00:00,IE,3708.088
2026-01-26 06:30:00,IE,3984.398
2026-01-26 07:00:00,IE,4300.808
2026-01-26 07:30:00,IE,4615.8
2026-01-26 08:00:00,IE,4799.382
2026-01-26 08:30:00,IE,4885.885
2026-01-26 09:00:00,IE,4949.685
2026-01-26 09:30:00,IE,5048.006
2026-01-26 10:00:00,IE,5052.443
2026-01-26 10:30:00,IE,5086.683
2026-01-26 11:00:00,IE,5124.629
2026-01-26 11:30:00,IE,5099.677
2026-01-26 12:00:00,IE,5123.43
2026-01-26 12:30:00,IE,5181.111
2026-01-26 14:00:00,IE,5146.68
2026-01-26 14:30:00,IE,5160.007
2026-01-26 16:00:00,IE,5204.019
2026-01-26 16:30:00,IE,5351.486
2026-01-26 17:00:00,IE,5434.718
2026-01-26 17:30:00,IE,5614.96
2026-01-26 18:00:00,IE,5638.706
2026-01-26 18:30:00,IE,5543.654
2026-01-26 19:00:00,IE,5452.918
2026-01-26 19:30:00,IE,5367.17
2026-01-26 20:00:00,IE,5230.056
2026-01-26 20:30:00,IE,5115.111
2026-01-26 21:00:00,IE,5007.858
2026-01-26 21:30:00,IE,4798.784
2026-01-26 22:00:00,IE,4585.198
2026-01-26 22:30:00,IE,4392.013
2026-01-26 23:00:00,IE,4202.614
2026-01-26 23:30:00,IE,4208.484
2026-01-27 00:00:00,IE,4063.7
2026-01-27 00:30:00,IE,3985.541
2026-01-27 01:00:00,IE,3896.105
2026-01-27 01:30:00,IE,3847.918
2026-01-27 02:00:00,IE,3811.581
2026-01-27 02:30:00,IE,3901.261
2026-01-27 03:00:00,IE,3830.114
2026-01-27 03:30:00,IE,3828.089
2026-01-27 04:00:00,IE,3754.513
2026-01-27 04:30:00,IE,3707.267
2026-01-27 05:00:00,IE,3714.559
2026-01-27 05:30:00,IE,3770.05
2026-01-27 06:00:00,IE,3885.835
2026-01-27 06:30:00,IE,4098.292
2026-01-27 07:00:00,IE,4369.084
2026-01-27 07:30:00,IE,4725.292
2026-01-27 08:00:00,IE,4917.043
2026-01-27 08:30:00,IE,4954.4
2026-01-27 09:00:00,IE,4997.239
2026-01-27 09:30:00,IE,5025.018
2026-01-27 10:00:00,IE,4965.444
2026-01-27 10:30:00,IE,4949.162
2026-01-27 11:00:00,IE,4950.652
2026-01-27 11:30:00,IE,4887.338
2026-01-27 12:00:00,IE,4889.685
2026-01-27 12:30:00,IE,4924.026
2026-01-27 13:00:00,IE,4967.039
2026-01-27 13:30:00,IE,4930.305
2026-01-27 14:00:00,IE,5001.742
2026-01-27 14:30:00,IE,5066.048
2026-01-27 15:00:00,IE,5078.764
2026-01-27 15:30:00,IE,5166.945
2026-01-27 16:00:00,IE,5228.528
2026-01-27 16:30:00,IE,5359.46
2026-01-27 17:00:00,IE,5466.282
2026-01-27 17:30:00,IE,5619.885
2026-01-27 18:00:00,IE,5655.812
2026-01-27 18:30:00,IE,5572.564
2026-01-27 19:00:00,IE,5482.211
2026-01-27 19:30:00,IE,5379.621
2026-01-27 20:00:00,IE,5209.537
2026-01-27 20:30:00,IE,5100.172
2026-01-27 21:00:00,IE,4980.842
2026-01-27 21:30:00,IE,4791.77
2026-01-27 22:00:00,IE,4586.728
2026-01-27 22:30:00,IE,4407.576
2026-01-27 23:00:00,IE,4182.767
2026-01-27 23:30:00,IE,4218.672
2026-01-28 00:00:00,IE,4110.265
2026-01-28 00:30:00,IE,4046.83
2026-01-28 01:00:00,IE,3938.196
2026-01-28 01:30:00,IE,3845.684
2026-01-28 02:00:00,IE,3809.474
2026-01-28 02:30:00,IE,3931.349
2026-01-28 03:00:00,IE,3871.923
2026-01-28 03:30:00,IE,3836.97
2026-01-28 04:00:00,IE,3752.475
2026-01-28 04:30:00,IE,3701.754
2026-01-28 05:00:00,IE,3701.959
2026-01-28 05:30:00,IE,3780.711
2026-01-28 06:00:00,IE,3906.647
2026-01-28 06:30:00,IE,4198.708
2026-01-28 07:00:00,IE,4446.06
2026-01-28 07:30:00,IE,4805.77
2026-01-28 08:00:00,IE,4961.059
2026-01-28 08:30:00,IE,4974.418
2026-01-28 09:00:00,IE,4991.751
2026-01-28 09:30:00,IE,5035.89
2026-01-28 10:00:00,IE,4978.135
2026-01-28 10:30:00,IE,4914.503
2026-01-28 11:00:00,IE,4873.779
2026-01-28 11:30:00,IE,4820.747
2026-01-28 12:00:00,IE,4765.547
2026-01-28 12:30:00,IE,4750.287
2026-01-28 13:00:00,IE,4729.354
2026-01-28 13:30:00,IE,4688.961
2026-01-28 14:00:00,IE,4732.431
2026-01-28 14:30:00,IE,4783.958
2026-01-28 15:00:00,IE,4873.705
2026-01-28 15:30:00,IE,4943.715
2026-01-28 16:00:00,IE,5057.712
2026-01-28 16:30:00,IE,5205.69
2026-01-28 17:00:00,IE,5338.511
2026-01-28 17:30:00,IE,5510.617
2026-01-28 18:00:00,IE,5553.788
2026-01-28 18:30:00,IE,5518.88
2026-01-28 19:00:00,IE,5456.863
2026-01-28 19:30:00,IE,5368.832
2026-01-28 20:00:00,IE,5265.73
2026-01-28 20:30:00,IE,5150.056
2026-01-28 21:00:00,IE,5021.256
2026-01-28 21:30:00,IE,4785.796
2026-01-28 22:00:00,IE,4581.274
2026-01-28 22:30:00,IE,4405.108
2026-01-28 23:00:00,IE,4222.486
2026-01-28 23:30:00,IE,4255.331
2026-01-29 00:00:00,IE,4099.746
2026-01-29 00:30:00,IE,4021.737
2026-01-29 01:00:00,IE,3943.332
2026-01-29 01:30:00,IE,3878.396
2026-01-29 02:00:00,IE,3809.999
2026-01-29 02:30:00,IE,3872.216
2026-01-29 03:00:00,IE,3791.519
2026-01-29 03:30:00,IE,3766.64
2026-01-29 04:00:00,IE,3728.571
2026-01-29 04:30:00,IE,3693.119
2026-01-29 05:00:00,IE,3696.287
2026-01-29 05:30:00,IE,3723.357
2026-01-29 06:00:00,IE,3880.206
2026-01-29 06:30:00,IE,4127.792
2026-01-29 07:00:00,IE,4412.524
2026-01-29 07:30:00,IE,4770.451
2026-01-29 08:00:00,IE,4911.505
2026-01-29 08:30:00,IE,4963.586
2026-01-29 09:00:00,IE,4972.881
2026-01-29 09:30:00,IE,5057.09
2026-01-29 10:00:00,IE,5093.688
2026-01-29 10:30:00,IE,5074.321
2026-01-29 11:00:00,IE,5077.799
2026-01-29 11:30:00,IE,5072.04
2026-01-29 12:00:00,IE,5055.392
2026-01-29 12:30:00,IE,5084.706
2026-01-29 13:00:00,IE,5106.392
2026-01-29 13:30:00,IE,5084.535
2026-01-29 14:00:00,IE,5077.382
2026-01-29 14:30:00,IE,5055.626
2026-01-29 15:00:00,IE,5075.638
2026-01-29 15:30:00,IE,5110.509
2026-01-29 16:00:00,IE,5158.835
2026-01-29 16:30:00,IE,5260.79
2026-01-29 17:00:00,IE,5396.028
2026-01-29 17:30:00,IE,5535.522
2026-01-29 18:00:00,IE,5559.513
2026-01-29 18:30:00,IE,5493.086
2026-01-29 19:00:00,IE,5414.633
2026-01-29 19:30:00,IE,5341.302
2026-01-02 02:30:00,GB,31294
2026-01-02 03:00:00,GB,30522
2026-01-02 03:30:00,GB,29969
2026-01-02 04:00:00,GB,28444
2026-01-02 04:30:00,GB,28112
2026-01-02 05:00:00,GB,26737
2026-01-02 05:30:00,GB,26642
2026-01-02 06:00:00,GB,26158
2026-01-02 06:30:00,GB,26512
2026-01-02 07:00:00,GB,27992
2026-01-02 07:30:00,GB,29066
2026-01-02 08:00:00,GB,33264
2026-01-02 08:30:00,GB,34252
2026-01-02 09:00:00,GB,38662
2026-01-02 09:30:00,GB,40469
2026-01-02 10:00:00,GB,43354
2026-01-02 10:30:00,GB,44506
2026-01-02 11:00:00,GB,45637
2026-01-02 11:30:00,GB,46333
2026-01-02 12:00:00,GB,46932
2026-01-02 12:30:00,GB,47286
2026-01-02 13:00:00,GB,47195
2026-01-02 13:30:00,GB,46594
2026-01-02 14:00:00,GB,46795
2026-01-02 14:30:00,GB,46174
2026-01-02 15:00:00,GB,45310
2026-01-02 15:30:00,GB,45315
2026-01-02 16:00:00,GB,45854
2026-01-02 16:30:00,GB,46027
2026-01-02 17:00:00,GB,47112
2026-01-02 17:30:00,GB,48678
2026-01-02 18:00:00,GB,50391
2026-01-02 18:30:00,GB,50461
2026-01-02 19:00:00,GB,49909
2026-01-02 19:30:00,GB,49125
2026-01-02 20:00:00,GB,48231
2026-01-02 20:30:00,GB,46922
2026-01-02 21:00:00,GB,45107
2026-01-02 21:30:00,GB,43940
2026-01-02 22:00:00,GB,40698
2026-01-02 22:30:00,GB,39762
2026-01-02 23:00:00,GB,37353
2026-01-02 23:30:00,GB,36132
2026-01-03 00:00:00,GB,33068
2026-01-03 00:30:00,GB,31930
2026-01-03 01:00:00,GB,32630
2026-01-03 01:30:00,GB,33436
2026-01-03 02:00:00,GB,34251
2026-01-03 02:30:00,GB,34206
2026-01-03 03:00:00,GB,32815
2026-01-03 03:30:00,GB,32311
2026-01-03 04:00:00,GB,31189
2026-01-03 04:30:00,GB,30488
2026-01-03 05:00:00,GB,29031
2026-01-03 05:30:00,GB,28787
2026-01-03 06:00:00,GB,27735
2026-01-03 06:30:00,GB,27944
2026-01-03 07:00:00,GB,28919
2026-01-03 07:30:00,GB,29486
2026-01-03 08:00:00,GB,31218
2026-01-03 08:30:00,GB,32549
2026-01-03 09:00:00,GB,34847
2026-01-03 09:30:00,GB,36300
2026-01-03 10:00:00,GB,40326
2026-01-03 10:30:00,GB,41701
2026-01-03 11:00:00,GB,42691
2026-01-03 11:30:00,GB,43514
2026-01-03 12:00:00,GB,43825
2026-01-03 12:30:00,GB,43707
2026-01-03 13:00:00,GB,43876
2026-01-03 13:30:00,GB,43961
2026-01-03 14:00:00,GB,43096
2026-01-03 14:30:00,GB,42643
2026-01-03 15:00:00,GB,41171
2026-01-03 15:30:00,GB,41052
2026-01-03 16:00:00,GB,41124
2026-01-03 16:30:00,GB,41070
2026-01-03 17:00:00,GB,44737
2026-01-03 17:30:00,GB,46530
2026-01-03 18:00:00,GB,49250
2026-01-03 18:30:00,GB,49512
2026-01-03 19:00:00,GB,49240
2026-01-03 19:30:00,GB,48615
2026-01-03 20:00:00,GB,47235
2026-01-03 20:30:00,GB,46098
2026-01-03 21:00:00,GB,44513
2026-01-03 21:30:00,GB,43500
2026-01-03 22:00:00,GB,41986
2026-01-03 22:30:00,GB,41008
2026-01-03 23:00:00,GB,39448
2026-01-03 23:30:00,GB,38126
2026-01-04 00:00:00,GB,35031
2026-01-04 00:30:00,GB,34517
2026-01-04 01:00:00,GB,34142
2026-01-04 01:30:00,GB,34934
2026-01-04 02:00:00,GB,34860
2026-01-04 02:30:00,GB,34273
2026-01-04 03:00:00,GB,33712
2026-01-04 03:30:00,GB,33341
2026-01-04 04:00:00,GB,32683
2026-01-04 04:30:00,GB,32044
2026-01-04 05:00:00,GB,31395
2026-01-04 05:30:00,GB,31097
2026-01-04 06:00:00,GB,30619
2026-01-04 06:30:00,GB,30345
2026-01-04 07:00:00,GB,29860
2026-01-04 07:30:00,GB,30248
2026-01-04 08:00:00,GB,29844
2026-01-04 08:30:00,GB,30532
2026-01-04 09:00:00,GB,32584
2026-01-04 09:30:00,GB,34250
2026-01-04 10:00:00,GB,40267
2026-01-04 10:30:00,GB,41886
2026-01-04 11:00:00,GB,43663
2026-01-04 11:30:00,GB,44573
2026-01-04 12:00:00,GB,44668
2026-01-04 12:30:00,GB,44900
2026-01-04 13:00:00,GB,47060
2026-01-04 13:30:00,GB,47175
2026-01-04 14:00:00,GB,45920
2026-01-04 14:30:00,GB,45596
2026-01-04 15:00:00,GB,42523
2026-01-04 15:30:00,GB,42308
2026-01-04 16:00:00,GB,40743
2026-01-04 16:30:00,GB,41266
2026-01-04 17:00:00,GB,42908
2026-01-04 17:30:00,GB,44446
2026-01-04 18:00:00,GB,45246
2026-01-04 18:30:00,GB,45436
2026-01-04 19:00:00,GB,44612
2026-01-04 19:30:00,GB,43431
2026-01-04 20:00:00,GB,42226
2026-01-04 20:30:00,GB,41531
2026-01-04 21:00:00,GB,39897
2026-01-04 21:30:00,GB,38419
2026-01-04 22:00:00,GB,35642
2026-01-04 22:30:00,GB,34286
2026-01-04 23:00:00,GB,31047
2026-01-04 23:30:00,GB,29372
2026-01-05 00:00:00,GB,28216
2026-01-05 00:30:00,GB,27984
2026-01-05 01:00:00,GB,28869
2026-01-05 01:00:00,GB,28581
2026-01-05 01:30:00,GB,29233
2026-01-05 02:00:00,GB,28705
2026-01-05 02:30:00,GB,28379
2026-01-05 03:00:00,GB,27504
2026-01-05 03:30:00,GB,27145
2026-01-05 04:00:00,GB,26500
2026-01-05 04:30:00,GB,26015
2026-01-05 05:00:00,GB,24771
2026-01-05 05:30:00,GB,24587
2026-01-05 06:00:00,GB,22236
2026-01-05 06:30:00,GB,22621
2026-01-05 07:00:00,GB,26511
2026-01-05 07:30:00,GB,29032
2026-01-05 08:00:00,GB,33130
2026-01-05 08:30:00,GB,35292
2026-01-05 09:00:00,GB,39604
2026-01-05 09:30:00,GB,40665
2026-01-05 10:00:00,GB,43344
2026-01-05 10:30:00,GB,44412
2026-01-05 11:00:00,GB,44491
2026-01-05 11:30:00,GB,44878
2026-01-05 12:00:00,GB,44793
2026-01-05 12:30:00,GB,44782
2026-01-05 13:00:00,GB,45127
2026-01-05 13:30:00,GB,44693
2026-01-05 14:00:00,GB,44976
2026-01-05 14:30:00,GB,44501
2026-01-05 15:00:00,GB,43005
2026-01-05 15:30:00,GB,41786
2026-01-05 16:00:00,GB,41878
2026-01-05 16:30:00,GB,42448
2026-01-05 17:00:00,GB,45793
2026-01-05 17:30:00,GB,47325
2026-01-05 18:00:00,GB,48968
2026-01-05 18:30:00,GB,48834
2026-01-05 19:00:00,GB,47385
2026-01-05 19:30:00,GB,47187
2026-01-05 20:00:00,GB,45807
2026-01-05 20:30:00,GB,44239
2026-01-05 21:00:00,GB,44762
2026-01-05 21:30:00,GB,43846
2026-01-05 22:00:00,GB,42441
2026-01-05 22:30:00,GB,39755
2026-01-05 23:00:00,GB,33732
2026-01-05 23:30:00,GB,31636
2026-01-06 00:00:00,GB,29270
2026-01-06 00:30:00,GB,28869
2026-01-06 01:00:00,GB,30151
2026-01-06 01:30:00,GB,30981
2026-01-06 02:00:00,GB,29939
2026-01-06 02:30:00,GB,28961
2026-01-06 03:00:00,GB,28322
2026-01-06 03:30:00,GB,27875
2026-01-06 04:00:00,GB,26746
2026-01-06 04:30:00,GB,27070
2026-01-06 05:00:00,GB,25704
2026-01-06 05:30:00,GB,25625
2026-01-06 06:00:00,GB,24847
2026-01-06 06:30:00,GB,25290
2026-01-06 07:00:00,GB,28710
2026-01-06 07:30:00,GB,31020
2026-01-06 08:00:00,GB,37304
2026-01-06 08:30:00,GB,39522
2026-01-06 09:00:00,GB,42427
2026-01-06 09:30:00,GB,44055
2026-01-06 10:00:00,GB,46932
2026-01-06 10:30:00,GB,47610
2026-01-06 11:00:00,GB,47069
2026-01-06 11:30:00,GB,46741
2026-01-06 12:00:00,GB,46387
2026-01-06 12:30:00,GB,46708
2026-01-06 13:00:00,GB,47365
2026-01-06 13:30:00,GB,47779
2026-01-06 14:00:00,GB,47411
2026-01-06 14:30:00,GB,47040
2026-01-06 15:00:00,GB,45346
2026-01-06 15:30:00,GB,45021
2026-01-06 16:00:00,GB,45346
2026-01-06 16:30:00,GB,46430
2026-01-06 17:00:00,GB,47763
2026-01-06 17:30:00,GB,49216
2026-01-06 18:00:00,GB,49307
2026-01-06 18:30:00,GB,49319
2026-01-06 19:00:00,GB,47949
2026-01-06 19:30:00,GB,46760
2026-01-06 20:00:00,GB,44876
2026-01-06 20:30:00,GB,44136
2026-01-06 21:00:00,GB,41832
2026-01-06 21:30:00,GB,40711
2026-01-06 22:00:00,GB,40082
2026-01-06 22:30:00,GB,38302
2026-01-06 23:00:00,GB,35774
2026-01-06 23:30:00,GB,33777
2026-01-07 00:00:00,GB,32912
2026-01-07 00:30:00,GB,32276
2026-01-07 01:00:00,GB,33814
2026-01-07 01:30:00,GB,34711
2026-01-07 02:00:00,GB,34237
2026-01-07 02:30:00,GB,33425
2026-01-07 03:00:00,GB,33171
2026-01-07 03:30:00,GB,33029
2026-01-07 04:00:00,GB,32289
2026-01-07 04:30:00,GB,31938
2026-01-07 05:00:00,GB,30471
2026-01-07 05:30:00,GB,30498
2026-01-07 06:00:00,GB,29740
2026-01-07 06:30:00,GB,30260
2026-01-07 07:00:00,GB,31015
2026-01-07 07:30:00,GB,33097
2026-01-07 08:00:00,GB,37118
2026-01-07 08:30:00,GB,39039
2026-01-07 09:00:00,GB,41430
2026-01-07 09:30:00,GB,42338
2026-01-07 10:00:00,GB,45226
2026-01-07 10:30:00,GB,45719
2026-01-07 11:00:00,GB,44742
2026-01-07 11:30:00,GB,44968
2026-01-07 12:00:00,GB,45192
2026-01-07 12:30:00,GB,44845
2026-01-07 13:00:00,GB,45527
2026-01-07 13:30:00,GB,45300
2026-01-07 14:00:00,GB,45718
2026-01-07 14:30:00,GB,45273
2026-01-07 15:00:00,GB,44590
2026-01-07 15:30:00,GB,44319
2026-01-07 16:00:00,GB,45465
2026-01-07 16:30:00,GB,45655
2026-01-07 17:00:00,GB,48512
2026-01-07 17:30:00,GB,49959
2026-01-07 18:00:00,GB,50083
2026-01-07 18:30:00,GB,50250
2026-01-07 19:00:00,GB,51266
2026-01-07 19:30:00,GB,50482
2026-01-07 20:00:00,GB,50868
2026-01-07 20:30:00,GB,49657
2026-01-07 21:00:00,GB,47751
2026-01-07 21:30:00,GB,46214
2026-01-07 22:00:00,GB,41721
2026-01-07 22:30:00,GB,40283
2026-01-07 23:00:00,GB,37705
2026-01-07 23:30:00,GB,36202
2026-01-08 00:00:00,GB,35103
2026-01-08 00:30:00,GB,33760
2026-01-08 01:00:00,GB,35034
2026-01-08 01:30:00,GB,35690
2026-01-08 02:00:00,GB,35258
2026-01-08 02:30:00,GB,34556
2026-01-08 03:00:00,GB,34444
2026-01-08 03:30:00,GB,33984
2026-01-08 04:00:00,GB,32905
2026-01-08 04:30:00,GB,32190
2026-01-08 05:00:00,GB,30206
2026-01-08 05:30:00,GB,30010
2026-01-08 06:00:00,GB,27561
2026-01-08 06:30:00,GB,28038
2026-01-08 07:00:00,GB,29168
2026-01-08 07:30:00,GB,31185
2026-01-08 08:00:00,GB,37404
2026-01-08 08:30:00,GB,39154
2026-01-08 09:00:00,GB,42430
2026-01-08 09:30:00,GB,43443
2026-01-08 10:00:00,GB,47605
2026-01-08 10:30:00,GB,48319
2026-01-08 11:00:00,GB,45769
2026-01-08 11:30:00,GB,45836
2026-01-08 12:00:00,GB,47312
2026-01-08 12:30:00,GB,48006
2026-01-08 13:00:00,GB,50339
2026-01-08 13:30:00,GB,50139
2026-01-08 14:00:00,GB,48650
2026-01-08 14:30:00,GB,48536
2026-01-08 15:00:00,GB,47554
2026-01-08 15:30:00,GB,47233
2026-01-08 16:00:00,GB,45890
2026-01-08 16:30:00,GB,46916
2026-01-08 17:00:00,GB,48700
2026-01-08 17:30:00,GB,49431
2026-01-08 18:00:00,GB,49694
2026-01-08 18:30:00,GB,49697
2026-01-08 19:00:00,GB,48492
2026-01-08 19:30:00,GB,48420
2026-01-08 20:00:00,GB,49038
2026-01-08 20:30:00,GB,47424
2026-01-08 21:00:00,GB,47735
2026-01-08 21:30:00,GB,45509
2026-01-08 22:00:00,GB,44857
2026-01-08 22:30:00,GB,43502
2026-01-08 23:00:00,GB,41544
2026-01-08 23:30:00,GB,39902
2026-01-09 00:00:00,GB,39560
2026-01-09 00:30:00,GB,38244
2026-01-09 01:00:00,GB,38549
2026-01-09 01:30:00,GB,39115
2026-01-09 02:00:00,GB,39212
2026-01-09 02:30:00,GB,38605
2026-01-09 03:00:00,GB,37930
2026-01-09 03:30:00,GB,37494
2026-01-09 04:00:00,GB,37009
2026-01-09 04:30:00,GB,36355
2026-01-09 05:00:00,GB,36202
2026-01-09 05:30:00,GB,36126
2026-01-09 06:00:00,GB,36889
2026-01-09 06:30:00,GB,37853
2026-01-09 07:00:00,GB,39104
2026-01-09 07:30:00,GB,41139
2026-01-09 08:00:00,GB,43749
2026-01-09 08:30:00,GB,45574
2026-01-09 09:00:00,GB,46617
2026-01-09 09:30:00,GB,47701
2026-01-09 10:00:00,GB,50718
2026-01-09 10:30:00,GB,51527
2026-01-09 11:00:00,GB,51963
2026-01-09 11:30:00,GB,52080
2026-01-09 12:00:00,GB,52491
2026-01-09 12:30:00,GB,52364
2026-01-09 13:00:00,GB,52806
2026-01-09 13:30:00,GB,52543
2026-01-09 14:00:00,GB,52286
2026-01-09 14:30:00,GB,51768
2026-01-09 15:00:00,GB,51484
2026-01-09 15:30:00,GB,50611
2026-01-09 16:00:00,GB,50072
2026-01-09 16:30:00,GB,50361
2026-01-09 17:00:00,GB,50752
2026-01-09 17:30:00,GB,52222
2026-01-09 18:00:00,GB,53128
2026-01-09 18:30:00,GB,52996
2026-01-09 19:00:00,GB,51751
2026-01-09 19:30:00,GB,50501
2026-01-09 20:00:00,GB,50318
2026-01-09 20:30:00,GB,49266
2026-01-09 21:00:00,GB,47994
2026-01-09 21:30:00,GB,46509
2026-01-09 22:00:00,GB,46070
2026-01-09 22:30:00,GB,44414
2026-01-09 23:00:00,GB,42741
2026-01-09 23:30:00,GB,40999
2026-01-10 00:00:00,GB,39477
2026-01-10 00:30:00,GB,38447
2026-01-10 01:00:00,GB,38370
2026-01-10 01:30:00,GB,38815
2026-01-10 02:00:00,GB,38394
2026-01-10 02:30:00,GB,37870
2026-01-10 03:00:00,GB,37622
2026-01-10 03:30:00,GB,37006
2026-01-10 04:00:00,GB,36574
2026-01-10 04:30:00,GB,36506
2026-01-10 05:00:00,GB,36032
2026-01-10 05:30:00,GB,35479
2026-01-10 06:00:00,GB,35444
2026-01-10 06:30:00,GB,35748
2026-01-10 07:00:00,GB,36125
2026-01-10 07:30:00,GB,37267
2026-01-10 08:00:00,GB,37749
2026-01-10 08:30:00,GB,38413
2026-01-10 09:00:00,GB,41044
2026-01-10 09:30:00,GB,42843
2026-01-10 10:00:00,GB,43853
2026-01-10 10:30:00,GB,45209
2026-01-10 11:00:00,GB,46181
2026-01-10 11:30:00,GB,46773
2026-01-10 12:00:00,GB,46080
2026-01-10 12:30:00,GB,46022
2026-01-10 13:00:00,GB,45132
2026-01-10 13:30:00,GB,44969
2026-01-10 14:00:00,GB,43126
2026-01-10 14:30:00,GB,42712
2026-01-10 15:00:00,GB,41235
2026-01-10 15:30:00,GB,40921
2026-01-10 16:00:00,GB,39949
2026-01-10 16:30:00,GB,40081
2026-01-10 17:00:00,GB,41987
2026-01-10 17:30:00,GB,43505
2026-01-10 18:00:00,GB,46872
2026-01-10 18:30:00,GB,47581
2026-01-10 19:00:00,GB,46040
2026-01-10 19:30:00,GB,45707
2026-01-10 20:00:00,GB,44061
2026-01-10 20:30:00,GB,43520
2026-01-10 21:00:00,GB,41010
2026-01-10 21:30:00,GB,40267
2026-01-10 22:00:00,GB,39397
2026-01-10 22:30:00,GB,38199
2026-01-10 23:00:00,GB,36303
2026-01-10 23:30:00,GB,34474
2026-01-11 00:00:00,GB,33357
2026-01-11 00:30:00,GB,32695
2026-01-11 01:00:00,GB,34454
2026-01-11 01:30:00,GB,35125
2026-01-11 02:00:00,GB,35027
2026-01-11 02:30:00,GB,34402
2026-01-11 03:00:00,GB,32355
2026-01-11 03:30:00,GB,32269
2026-01-11 04:00:00,GB,30159
2026-01-11 04:30:00,GB,29861
2026-01-11 05:00:00,GB,27862
2026-01-11 05:30:00,GB,27529
2026-01-11 06:00:00,GB,26173
2026-01-11 06:30:00,GB,25947
2026-01-11 07:00:00,GB,26720
2026-01-11 07:30:00,GB,26990
2026-01-11 08:00:00,GB,27698
2026-01-11 08:30:00,GB,28275
2026-01-11 09:00:00,GB,31079
2026-01-11 09:30:00,GB,32459
2026-01-11 10:00:00,GB,37118
2026-01-11 10:30:00,GB,38743
2026-01-11 11:00:00,GB,41608
2026-01-11 11:30:00,GB,42534
2026-01-11 12:00:00,GB,44328
2026-01-11 12:30:00,GB,44569
2026-01-11 13:00:00,GB,47094
2026-01-11 13:30:00,GB,47552
2026-01-11 14:00:00,GB,47287
2026-01-11 14:30:00,GB,47318
2026-01-11 15:00:00,GB,45852
2026-01-11 15:30:00,GB,45697
2026-01-11 16:00:00,GB,44478
2026-01-11 16:30:00,GB,44921
2026-01-11 17:00:00,GB,45608
2026-01-11 17:30:00,GB,46447
2026-01-11 18:00:00,GB,49254
2026-01-11 18:30:00,GB,49118
2026-01-11 19:00:00,GB,47700
2026-01-11 19:30:00,GB,46762
2026-01-11 20:00:00,GB,44565
2026-01-11 20:30:00,GB,43259
2026-01-11 21:00:00,GB,41998
2026-01-11 21:30:00,GB,40116
2026-01-11 22:00:00,GB,39304
2026-01-11 22:30:00,GB,37799
2026-01-11 23:00:00,GB,34052
2026-01-11 23:30:00,GB,32588
2026-01-12 00:00:00,GB,28289
2026-01-12 00:30:00,GB,27746
2026-01-12 01:00:00,GB,27253
2026-01-12 01:30:00,GB,27635
2026-01-12 02:00:00,GB,27538
2026-01-12 02:30:00,GB,27720
2026-01-12 03:00:00,GB,28692
2026-01-12 03:30:00,GB,27712
2026-01-12 04:00:00,GB,25791
2026-01-12 04:30:00,GB,25186
2026-01-12 05:00:00,GB,24314
2026-01-12 05:30:00,GB,24846
2026-01-12 06:00:00,GB,24596
2026-01-12 06:30:00,GB,25359
2026-01-12 07:00:00,GB,29677
2026-01-12 07:30:00,GB,31921
2026-01-12 08:00:00,GB,33609
2026-01-12 08:30:00,GB,35435
2026-01-12 09:00:00,GB,39460
2026-01-12 09:30:00,GB,40157
2026-01-12 10:00:00,GB,42852
2026-01-12 10:30:00,GB,43538
2026-01-12 11:00:00,GB,44652
2026-01-12 11:30:00,GB,44791
2026-01-12 12:00:00,GB,44929
2026-01-12 12:30:00,GB,44895
2026-01-12 13:00:00,GB,45151
2026-01-12 13:30:00,GB,44889
2026-01-12 14:00:00,GB,43412
2026-01-12 14:30:00,GB,42980
2026-01-12 15:00:00,GB,41965
2026-01-12 15:30:00,GB,41239
2026-01-12 16:00:00,GB,41073
2026-01-12 16:30:00,GB,41308
2026-01-12 17:00:00,GB,43318
2026-01-12 17:30:00,GB,44144
2026-01-12 18:00:00,GB,43959
2026-01-12 18:30:00,GB,43988
2026-01-12 19:00:00,GB,45330
2026-01-12 19:30:00,GB,44138
2026-01-12 20:00:00,GB,44281
2026-01-12 20:30:00,GB,43307
2026-01-12 21:00:00,GB,42122
2026-01-12 21:30:00,GB,40517
2026-01-12 22:00:00,GB,38728
2026-01-12 22:30:00,GB,37063
2026-01-12 23:00:00,GB,35411
2026-01-12 23:30:00,GB,33770
2026-01-13 00:00:00,GB,33862
2026-01-13 00:30:00,GB,33509
2026-01-13 01:00:00,GB,34679
2026-01-13 01:30:00,GB,34752
2026-01-13 02:00:00,GB,34808
2026-01-13 02:30:00,GB,34168
2026-01-13 03:00:00,GB,33756
2026-01-13 03:30:00,GB,33011
2026-01-13 04:00:00,GB,32589
2026-01-13 04:30:00,GB,32395
2026-01-13 05:00:00,GB,30720
2026-01-13 05:30:00,GB,30190
2026-01-13 06:00:00,GB,28477
2026-01-13 06:30:00,GB,29483
2026-01-13 07:00:00,GB,29134
2026-01-13 07:30:00,GB,31439
2026-01-13 08:00:00,GB,33503
2026-01-13 08:30:00,GB,35090
2026-01-13 09:00:00,GB,37036
2026-01-13 09:30:00,GB,37647
2026-01-13 10:00:00,GB,39124
2026-01-13 10:30:00,GB,39695
2026-01-13 11:00:00,GB,40363
2026-01-13 11:30:00,GB,41144
2026-01-13 12:00:00,GB,41672
2026-01-13 12:30:00,GB,41863
2026-01-13 13:00:00,GB,42897
2026-01-13 13:30:00,GB,43068
2026-01-13 14:00:00,GB,43712
2026-01-13 14:30:00,GB,43036
2026-01-13 15:00:00,GB,42547
2026-01-13 15:30:00,GB,42038
2026-01-13 16:00:00,GB,40998
2026-01-13 16:30:00,GB,41378
2026-01-13 17:00:00,GB,43135
2026-01-13 17:30:00,GB,44700
2026-01-13 18:00:00,GB,47033
2026-01-13 18:30:00,GB,47458
2026-01-13 19:00:00,GB,48474
2026-01-13 19:30:00,GB,47676
2026-01-13 20:00:00,GB,48916
2026-01-13 20:30:00,GB,47153
2026-01-13 21:00:00,GB,47020
2026-01-13 21:30:00,GB,45496
2026-01-13 22:00:00,GB,43781
2026-01-13 22:30:00,GB,42155
2026-01-13 23:00:00,GB,40476
2026-01-13 23:30:00,GB,39175
2026-01-14 00:00:00,GB,37111
2026-01-14 00:30:00,GB,36575
2026-01-14 01:00:00,GB,37699
2026-01-14 01:30:00,GB,38141
2026-01-14 02:00:00,GB,38068
2026-01-14 02:30:00,GB,37406
2026-01-14 03:00:00,GB,36915
2026-01-14 03:30:00,GB,36879
2026-01-14 04:00:00,GB,35957
2026-01-14 04:30:00,GB,35590
2026-01-14 05:00:00,GB,33766
2026-01-14 05:30:00,GB,33297
2026-01-14 06:00:00,GB,30272
2026-01-14 06:30:00,GB,30966
2026-01-14 07:00:00,GB,31942
2026-01-14 07:30:00,GB,35973
2026-01-14 08:00:00,GB,37560
2026-01-14 08:30:00,GB,38745
2026-01-14 09:00:00,GB,43420
2026-01-14 09:30:00,GB,44695
2026-01-14 10:00:00,GB,47610
2026-01-14 10:30:00,GB,47854
2026-01-14 11:00:00,GB,46903
2026-01-14 11:30:00,GB,47141
2026-01-14 12:00:00,GB,46877
2026-01-14 12:30:00,GB,46712
2026-01-14 13:00:00,GB,46337
2026-01-14 13:30:00,GB,46313
2026-01-14 14:00:00,GB,45432
2026-01-14 14:30:00,GB,44923
2026-01-14 15:00:00,GB,42522
2026-01-14 15:30:00,GB,42538
2026-01-14 16:00:00,GB,42594
2026-01-14 16:30:00,GB,42794
2026-01-14 17:00:00,GB,44318
2026-01-14 17:30:00,GB,45774
2026-01-14 18:00:00,GB,45742
2026-01-14 18:30:00,GB,45973
2026-01-14 19:00:00,GB,43802
2026-01-14 19:30:00,GB,42974
2026-01-14 20:00:00,GB,41174
2026-01-14 20:30:00,GB,39808
2026-01-14 21:00:00,GB,39565
2026-01-14 21:30:00,GB,37929
2026-01-14 22:00:00,GB,38694
2026-01-14 22:30:00,GB,36994
2026-01-14 23:00:00,GB,35029
2026-01-14 23:30:00,GB,33490
2026-01-15 00:00:00,GB,33063
2026-01-15 00:30:00,GB,32241
2026-01-15 01:00:00,GB,33601
2026-01-15 01:30:00,GB,34318
2026-01-15 02:00:00,GB,35566
2026-01-15 02:30:00,GB,34872
2026-01-15 03:00:00,GB,35047
2026-01-15 03:30:00,GB,34560
2026-01-15 04:00:00,GB,33789
2026-01-15 04:30:00,GB,33360
2026-01-15 05:00:00,GB,32360
2026-01-15 05:30:00,GB,31935
2026-01-15 06:00:00,GB,31116
2026-01-15 06:30:00,GB,31846
2026-01-15 07:00:00,GB,32637
2026-01-15 07:30:00,GB,34850
2026-01-15 08:00:00,GB,36936
2026-01-15 08:30:00,GB,38131
2026-01-15 09:00:00,GB,41530
2026-01-15 09:30:00,GB,42248
2026-01-15 10:00:00,GB,46014
2026-01-15 10:30:00,GB,46699
2026-01-15 11:00:00,GB,48380
2026-01-15 11:30:00,GB,48700
2026-01-15 12:00:00,GB,49006
2026-01-15 12:30:00,GB,49009
2026-01-15 13:00:00,GB,49262
2026-01-15 13:30:00,GB,49464
2026-01-15 14:00:00,GB,48276
2026-01-15 14:30:00,GB,48086
2026-01-15 15:00:00,GB,46407
2026-01-15 15:30:00,GB,45807
2026-01-15 16:00:00,GB,45027
2026-01-15 16:30:00,GB,45461
2026-01-15 17:00:00,GB,47230
2026-01-15 17:30:00,GB,48342
2026-01-15 18:00:00,GB,50141
2026-01-15 18:30:00,GB,50205
2026-01-15 19:00:00,GB,50578
2026-01-15 19:30:00,GB,50167
2026-01-15 20:00:00,GB,49276
2026-01-15 20:30:00,GB,47818
2026-01-15 21:00:00,GB,46426
2026-01-15 21:30:00,GB,44985
2026-01-15 22:00:00,GB,43406
2026-01-15 22:30:00,GB,42118
2026-01-15 23:00:00,GB,40652
2026-01-15 23:30:00,GB,38813
2026-01-16 00:00:00,GB,37555
2026-01-16 00:30:00,GB,37057
2026-01-16 01:00:00,GB,37994
2026-01-16 01:30:00,GB,38225
2026-01-16 02:00:00,GB,37900
2026-01-16 02:30:00,GB,36885
2026-01-16 03:00:00,GB,36762
2026-01-16 03:30:00,GB,36683
2026-01-16 04:00:00,GB,36456
2026-01-16 04:30:00,GB,35805
2026-01-16 05:00:00,GB,35498
2026-01-16 05:30:00,GB,35428
2026-01-16 06:00:00,GB,34560
2026-01-16 06:30:00,GB,34994
2026-01-16 07:00:00,GB,34946
2026-01-16 07:30:00,GB,37329
2026-01-16 08:00:00,GB,39226
2026-01-16 08:30:00,GB,40240
2026-01-16 09:00:00,GB,44049
2026-01-16 09:30:00,GB,44659
2026-01-16 10:00:00,GB,46463
2026-01-16 10:30:00,GB,47431
2026-01-16 11:00:00,GB,47255
2026-01-16 11:30:00,GB,47443
2026-01-16 12:00:00,GB,46348
2026-01-16 12:30:00,GB,46266
2026-01-16 13:00:00,GB,45323
2026-01-16 13:30:00,GB,44923
2026-01-16 14:00:00,GB,42143
2026-01-16 14:30:00,GB,41199
2026-01-16 15:00:00,GB,39532
2026-01-16 15:30:00,GB,38778
2026-01-16 16:00:00,GB,38418
2026-01-16 16:30:00,GB,38431
2026-01-16 17:00:00,GB,40060
2026-01-16 17:30:00,GB,41301
2026-01-16 18:00:00,GB,42267
2026-01-16 18:30:00,GB,42514
2026-01-16 19:00:00,GB,42201
2026-01-16 19:30:00,GB,41743
2026-01-16 20:00:00,GB,40735
2026-01-16 20:30:00,GB,39668
2026-01-16 21:00:00,GB,39697
2026-01-16 21:30:00,GB,37854
2026-01-16 22:00:00,GB,36351
2026-01-16 22:30:00,GB,34665
2026-01-16 23:00:00,GB,33683
2026-01-16 23:30:00,GB,32928
2026-01-17 00:00:00,GB,32634
2026-01-17 00:30:00,GB,31499
2026-01-17 01:00:00,GB,32770
2026-01-17 01:30:00,GB,33596
2026-01-17 02:00:00,GB,33575
2026-01-17 02:30:00,GB,32880
2026-01-17 03:00:00,GB,31783
2026-01-17 03:30:00,GB,31288
2026-01-17 04:00:00,GB,30088
2026-01-17 04:30:00,GB,29834
2026-01-17 05:00:00,GB,29561
2026-01-17 05:30:00,GB,29253
2026-01-17 06:00:00,GB,29726
2026-01-17 06:30:00,GB,29553
2026-01-17 07:00:00,GB,29572
2026-01-17 07:30:00,GB,30288
2026-01-17 08:00:00,GB,28478
2026-01-17 08:30:00,GB,29266
2026-01-17 09:00:00,GB,31644
2026-01-17 09:30:00,GB,32587
2026-01-17 10:00:00,GB,37497
2026-01-17 10:30:00,GB,38407
2026-01-17 11:00:00,GB,40063
2026-01-17 11:30:00,GB,40799
2026-01-17 12:00:00,GB,41993
2026-01-17 12:30:00,GB,42259
2026-01-17 13:00:00,GB,41972
2026-01-17 13:30:00,GB,41811
2026-01-17 14:00:00,GB,40681
2026-01-17 14:30:00,GB,40296
2026-01-17 15:00:00,GB,38238
2026-01-17 15:30:00,GB,37934
2026-01-17 16:00:00,GB,38329
2026-01-17 16:30:00,GB,38550
2026-01-17 17:00:00,GB,39712
2026-01-17 17:30:00,GB,40553
2026-01-17 18:00:00,GB,43404
2026-01-17 18:30:00,GB,43609
2026-01-17 19:00:00,GB,43828
2026-01-17 19:30:00,GB,43176
2026-01-17 20:00:00,GB,42187
2026-01-17 20:30:00,GB,41286
2026-01-17 21:00:00,GB,41737
2026-01-17 21:30:00,GB,40808
2026-01-17 22:00:00,GB,39070
2026-01-17 22:30:00,GB,37977
2026-01-17 23:00:00,GB,36622
2026-01-17 23:30:00,GB,35180
2026-01-18 00:00:00,GB,34177
2026-01-18 00:30:00,GB,33723
2026-01-18 01:00:00,GB,34241
2026-01-18 01:30:00,GB,34902
2026-01-18 02:00:00,GB,34304
2026-01-18 02:30:00,GB,33612
2026-01-18 03:00:00,GB,33049
2026-01-18 03:30:00,GB,33020
2026-01-18 04:00:00,GB,32428
2026-01-18 04:30:00,GB,32443
2026-01-18 05:00:00,GB,32612
2026-01-18 05:30:00,GB,32235
2026-01-18 06:00:00,GB,31084
2026-01-18 06:30:00,GB,30770
2026-01-18 07:00:00,GB,30476
2026-01-18 07:30:00,GB,31146
2026-01-18 08:00:00,GB,30026
2026-01-18 08:30:00,GB,31133
2026-01-18 09:00:00,GB,33480
2026-01-18 09:30:00,GB,34743
2026-01-18 10:00:00,GB,37791
2026-01-18 10:30:00,GB,39372
2026-01-18 11:00:00,GB,41615
2026-01-18 11:30:00,GB,42544
2026-01-18 12:00:00,GB,43974
2026-01-18 12:30:00,GB,44399
2026-01-18 13:00:00,GB,44901
2026-01-18 13:30:00,GB,44966
2026-01-18 14:00:00,GB,44410
2026-01-18 14:30:00,GB,44203
2026-01-18 15:00:00,GB,43731
2026-01-18 15:30:00,GB,43883
2026-01-18 16:00:00,GB,44131
2026-01-18 16:30:00,GB,44496
2026-01-18 17:00:00,GB,45288
2026-01-18 17:30:00,GB,46627
2026-01-18 18:00:00,GB,48021
2026-01-18 18:30:00,GB,47919
2026-01-18 19:00:00,GB,48090
2026-01-18 19:30:00,GB,47466
2026-01-18 20:00:00,GB,45302
2026-01-18 20:30:00,GB,44543
2026-01-18 21:00:00,GB,42690
2026-01-18 21:30:00,GB,41897
2026-01-18 22:00:00,GB,40149
2026-01-18 22:30:00,GB,38513
2026-01-18 23:00:00,GB,36852
2026-01-18 23:30:00,GB,35438
2026-01-19 00:00:00,GB,32768
2026-01-19 00:30:00,GB,32097
2026-01-19 01:00:00,GB,32902
2026-01-19 01:30:00,GB,33476
2026-01-19 02:00:00,GB,33134
2026-01-19 02:30:00,GB,32199
2026-01-19 03:00:00,GB,32587
2026-01-19 03:30:00,GB,31991
2026-01-19 04:00:00,GB,30132
2026-01-19 04:30:00,GB,29554
2026-01-19 05:00:00,GB,27753
2026-01-19 05:30:00,GB,27656
2026-01-19 06:00:00,GB,23531
2026-01-19 06:30:00,GB,23862
2026-01-19 07:00:00,GB,24379
2026-01-19 07:30:00,GB,26549
2026-01-19 08:00:00,GB,30741
2026-01-19 08:30:00,GB,32172
2026-01-19 09:00:00,GB,37579
2026-01-19 09:30:00,GB,38558
2026-01-19 10:00:00,GB,43154
2026-01-19 10:30:00,GB,43474
2026-01-19 11:00:00,GB,45639
2026-01-19 11:30:00,GB,46301
2026-01-19 12:00:00,GB,46976
2026-01-19 12:30:00,GB,47020
2026-01-19 13:00:00,GB,46429
2026-01-19 13:30:00,GB,46228
2026-01-19 14:00:00,GB,44557
2026-01-19 14:30:00,GB,44079
2026-01-19 15:00:00,GB,42798
2026-01-19 15:30:00,GB,41963
2026-01-19 16:00:00,GB,41410
2026-01-19 16:30:00,GB,42122
2026-01-19 17:00:00,GB,42393
2026-01-19 17:30:00,GB,43673
2026-01-19 18:00:00,GB,45894
2026-01-19 18:30:00,GB,46002
2026-01-19 19:00:00,GB,44777
2026-01-19 19:30:00,GB,44272
2026-01-19 20:00:00,GB,43032
2026-01-19 20:30:00,GB,41798
2026-01-19 21:00:00,GB,40459
2026-01-19 21:30:00,GB,38579
2026-01-19 22:00:00,GB,34924
2026-01-19 22:30:00,GB,33792
2026-01-19 23:00:00,GB,32238
2026-01-19 23:30:00,GB,30586
2026-01-20 00:00:00,GB,28095
2026-01-20 00:30:00,GB,27331
2026-01-20 01:00:00,GB,27605
2026-01-20 01:30:00,GB,28688
2026-01-20 02:00:00,GB,28396
2026-01-20 02:30:00,GB,27723
2026-01-20 03:00:00,GB,26735
2026-01-20 03:30:00,GB,26703
2026-01-20 04:00:00,GB,25748
2026-01-20 04:30:00,GB,25494
2026-01-20 05:00:00,GB,24681
2026-01-20 05:30:00,GB,24659
2026-01-20 06:00:00,GB,22907
2026-01-20 06:30:00,GB,23303
2026-01-20 07:00:00,GB,24677
2026-01-20 07:30:00,GB,27818
2026-01-20 08:00:00,GB,31632
2026-01-20 08:30:00,GB,33221
2026-01-20 09:00:00,GB,35288
2026-01-20 09:30:00,GB,36184
2026-01-20 10:00:00,GB,38353
2026-01-20 10:30:00,GB,38818
2026-01-20 11:00:00,GB,41033
2026-01-20 11:30:00,GB,40971
2026-01-20 12:00:00,GB,41233
2026-01-20 12:30:00,GB,41231
2026-01-20 13:00:00,GB,40747
2026-01-20 13:30:00,GB,40554
2026-01-20 14:00:00,GB,39927
2026-01-20 14:30:00,GB,39911
2026-01-20 15:00:00,GB,39589
2026-01-20 15:30:00,GB,39418
2026-01-20 16:00:00,GB,39576
2026-01-20 16:30:00,GB,40222
2026-01-20 17:00:00,GB,40547
2026-01-20 17:30:00,GB,41606
2026-01-20 18:00:00,GB,41113
2026-01-20 18:30:00,GB,41340
2026-01-20 19:00:00,GB,40968
2026-01-20 19:30:00,GB,40284
2026-01-20 20:00:00,GB,39221
2026-01-20 20:30:00,GB,38426
2026-01-20 21:00:00,GB,38879
2026-01-20 21:30:00,GB,37932
2026-01-20 22:00:00,GB,36734
2026-01-20 22:30:00,GB,35099
2026-01-20 23:00:00,GB,33229
2026-01-20 23:30:00,GB,31832
2026-01-21 00:00:00,GB,30525
2026-01-21 00:30:00,GB,29341
2026-01-21 01:00:00,GB,29599
2026-01-21 01:30:00,GB,29982
2026-01-21 02:00:00,GB,30168
2026-01-21 02:30:00,GB,29452
2026-01-21 03:00:00,GB,29380
2026-01-21 03:30:00,GB,28992
2026-01-21 04:00:00,GB,28597
2026-01-21 04:30:00,GB,28401
2026-01-21 05:00:00,GB,28394
2026-01-21 05:30:00,GB,28460
2026-01-21 06:00:00,GB,28657
2026-01-21 06:30:00,GB,29719
2026-01-21 07:00:00,GB,32538
2026-01-21 07:30:00,GB,35144
2026-01-21 08:00:00,GB,39685
2026-01-21 08:30:00,GB,41476
2026-01-21 09:00:00,GB,44430
2026-01-21 09:30:00,GB,45139
2026-01-21 10:00:00,GB,49131
2026-01-21 10:30:00,GB,49714
2026-01-21 11:00:00,GB,50163
2026-01-21 11:30:00,GB,50777
2026-01-21 12:00:00,GB,51115
2026-01-21 12:30:00,GB,51021
2026-01-21 13:00:00,GB,50978
2026-01-21 13:30:00,GB,50606
2026-01-21 13:30:00,GB,50626
2026-01-21 14:00:00,GB,50513
2026-01-21 14:30:00,GB,49837
2026-01-21 15:00:00,GB,47159
2026-01-21 15:30:00,GB,46231
2026-01-21 16:00:00,GB,45756
2026-01-21 16:30:00,GB,46088
2026-01-21 17:00:00,GB,46657
2026-01-21 17:30:00,GB,47656
2026-01-21 18:00:00,GB,49307
2026-01-21 18:30:00,GB,49347
2026-01-21 19:00:00,GB,49282
2026-01-21 19:30:00,GB,48576
2026-01-21 20:00:00,GB,48463
2026-01-21 20:30:00,GB,47422
2026-01-21 21:00:00,GB,45224
2026-01-21 21:30:00,GB,43968
2026-01-21 22:00:00,GB,40598
2026-01-21 22:30:00,GB,39059
2026-01-21 23:00:00,GB,34918
2026-01-21 23:30:00,GB,33293
2026-01-22 00:00:00,GB,31697
2026-01-22 00:30:00,GB,30772
2026-01-22 01:00:00,GB,30875
2026-01-22 01:30:00,GB,30974
2026-01-22 02:00:00,GB,31587
2026-01-22 02:30:00,GB,30983
2026-01-22 03:00:00,GB,30402
2026-01-22 03:30:00,GB,29883
2026-01-22 04:00:00,GB,29115
2026-01-22 04:30:00,GB,28631
2026-01-22 05:00:00,GB,27983
2026-01-22 05:30:00,GB,27803
2026-01-22 06:00:00,GB,27180
2026-01-22 06:30:00,GB,27740
2026-01-22 07:00:00,GB,30335
2026-01-22 07:30:00,GB,32373
2026-01-22 08:00:00,GB,36804
2026-01-22 08:30:00,GB,38656
2026-01-22 09:00:00,GB,40616
2026-01-22 09:30:00,GB,41453
2026-01-22 10:00:00,GB,46604
2026-01-22 10:30:00,GB,47401
2026-01-22 11:00:00,GB,47445
2026-01-22 11:30:00,GB,48124
2026-01-22 12:00:00,GB,48734
2026-01-22 12:30:00,GB,48664
2026-01-22 13:00:00,GB,49157
2026-01-22 13:30:00,GB,49054
2026-01-22 14:00:00,GB,48743
2026-01-22 14:30:00,GB,48403
2026-01-22 15:00:00,GB,46507
2026-01-22 15:30:00,GB,46018
2026-01-22 16:00:00,GB,44631
2026-01-22 16:30:00,GB,45422
2026-01-22 17:00:00,GB,45843
2026-01-22 17:30:00,GB,46646
2026-01-22 18:00:00,GB,46615
2026-01-22 18:30:00,GB,46388
2026-01-22 19:00:00,GB,47346
2026-01-22 19:30:00,GB,46705
2026-01-22 20:00:00,GB,46015
2026-01-22 20:30:00,GB,45027
2026-01-22 21:00:00,GB,44160
2026-01-22 21:30:00,GB,42394
2026-01-22 22:00:00,GB,39831
2026-01-22 22:30:00,GB,38214
2026-01-22 23:00:00,GB,35306
2026-01-22 23:30:00,GB,33822
2026-01-23 00:00:00,GB,31669
2026-01-23 00:30:00,GB,30784
2026-01-23 01:00:00,GB,32050
2026-01-23 01:30:00,GB,32777
2026-01-23 02:00:00,GB,32713
2026-01-23 02:30:00,GB,32418
2026-01-23 03:00:00,GB,32848
2026-01-23 03:30:00,GB,32291
2026-01-23 04:00:00,GB,32149
2026-01-23 04:30:00,GB,31400
2026-01-23 05:00:00,GB,30157
2026-01-23 05:30:00,GB,29911
2026-01-23 06:00:00,GB,28237
2026-01-23 06:30:00,GB,28769
2026-01-23 07:00:00,GB,31077
2026-01-23 07:30:00,GB,33114
2026-01-23 08:00:00,GB,37063
2026-01-23 08:30:00,GB,39077
2026-01-23 09:00:00,GB,42204
2026-01-23 09:30:00,GB,43351
2026-01-23 10:00:00,GB,46896
2026-01-23 10:30:00,GB,47642
2026-01-23 11:00:00,GB,47978
2026-01-23 11:30:00,GB,48613
2026-01-23 12:00:00,GB,47934
2026-01-23 12:30:00,GB,48098
2026-01-23 13:00:00,GB,49195
2026-01-23 13:30:00,GB,49591
2026-01-23 14:00:00,GB,49870
2026-01-23 14:30:00,GB,49511
2026-01-23 15:00:00,GB,48369
2026-01-23 15:30:00,GB,48044
2026-01-23 16:00:00,GB,46984
2026-01-23 16:30:00,GB,47134
2026-01-23 17:00:00,GB,46784
2026-01-23 17:30:00,GB,47604
2026-01-23 18:00:00,GB,49200
2026-01-23 18:30:00,GB,49318
2026-01-23 19:00:00,GB,49081
2026-01-23 19:30:00,GB,48615
2026-01-23 20:00:00,GB,48281
2026-01-23 20:30:00,GB,47563
2026-01-23 21:00:00,GB,45122
2026-01-23 21:30:00,GB,43605
2026-01-23 22:00:00,GB,40868
2026-01-23 22:30:00,GB,39380
2026-01-23 23:00:00,GB,36218
2026-01-23 23:30:00,GB,35265
2026-01-24 00:00:00,GB,32921
2026-01-24 00:30:00,GB,32694
2026-01-24 01:00:00,GB,33497
2026-01-24 01:30:00,GB,33670
2026-01-24 02:00:00,GB,34107
2026-01-24 02:30:00,GB,33328
2026-01-24 03:00:00,GB,32825
2026-01-24 03:30:00,GB,32141
2026-01-24 04:00:00,GB,30997
2026-01-24 04:30:00,GB,30312
2026-01-24 05:00:00,GB,28752
2026-01-24 05:30:00,GB,28528
2026-01-24 06:00:00,GB,27414
2026-01-24 06:30:00,GB,27376
2026-01-24 07:00:00,GB,28023
2026-01-24 07:30:00,GB,28583
2026-01-24 08:00:00,GB,30643
2026-01-24 08:30:00,GB,31686
2026-01-24 09:00:00,GB,34760
2026-01-24 09:30:00,GB,35948
2026-01-24 10:00:00,GB,38632
2026-01-24 10:30:00,GB,39600
2026-01-24 11:00:00,GB,36794
2026-01-24 11:30:00,GB,41301
2026-01-24 12:00:00,GB,41333
2026-01-24 12:30:00,GB,41146
2026-01-24 13:00:00,GB,42357
2026-01-24 13:30:00,GB,41940
2026-01-24 14:00:00,GB,41862
2026-01-24 14:30:00,GB,41727
2026-01-24 15:00:00,GB,40182
2026-01-24 15:30:00,GB,40221
2026-01-24 16:00:00,GB,37736
2026-01-24 16:30:00,GB,37517
2026-01-24 17:00:00,GB,39452
2026-01-24 17:30:00,GB,40860
2026-01-24 18:00:00,GB,43408
2026-01-24 18:30:00,GB,43539
2026-01-24 19:00:00,GB,43980
2026-01-24 19:30:00,GB,43337
2026-01-24 20:00:00,GB,42874
2026-01-24 20:30:00,GB,41823
2026-01-24 21:00:00,GB,40411
2026-01-24 21:30:00,GB,39348
2026-01-24 22:00:00,GB,35953
2026-01-24 22:30:00,GB,34922
2026-01-24 23:00:00,GB,31322
2026-01-24 23:30:00,GB,29741
2026-01-25 00:00:00,GB,26905
2026-01-25 00:30:00,GB,26406
2026-01-25 01:00:00,GB,26653
2026-01-25 01:30:00,GB,27452
2026-01-25 02:00:00,GB,27622
2026-01-25 02:30:00,GB,27264
2026-01-25 03:00:00,GB,26163
2026-01-25 03:30:00,GB,25615
2026-01-25 04:00:00,GB,25092
2026-01-25 04:30:00,GB,24757
2026-01-25 05:00:00,GB,24477
2026-01-25 05:30:00,GB,24108
2026-01-25 06:00:00,GB,23209
2026-01-25 06:30:00,GB,23056
2026-01-25 07:00:00,GB,23697
2026-01-25 07:30:00,GB,24266
2026-01-25 08:00:00,GB,25631
2026-01-25 08:30:00,GB,26438
2026-01-25 09:00:00,GB,29330
2026-01-25 09:30:00,GB,30744
2026-01-25 10:00:00,GB,34408
2026-01-25 10:30:00,GB,35748
2026-01-25 11:00:00,GB,39120
2026-01-25 11:30:00,GB,39963
2026-01-25 12:00:00,GB,42305
2026-01-25 12:30:00,GB,43065
2026-01-25 13:00:00,GB,43737
2026-01-25 13:30:00,GB,43807
2026-01-25 14:00:00,GB,44346
2026-01-25 14:30:00,GB,44113
2026-01-25 15:00:00,GB,40992
2026-01-25 15:30:00,GB,40910
2026-01-25 16:00:00,GB,40541
2026-01-25 16:30:00,GB,40914
2026-01-25 17:00:00,GB,42144
2026-01-25 17:30:00,GB,42838
2026-01-25 18:00:00,GB,44669
2026-01-25 18:30:00,GB,44466
2026-01-25 19:00:00,GB,44133
2026-01-25 19:30:00,GB,43316
2026-01-25 20:00:00,GB,41984
2026-01-25 20:30:00,GB,40999
2026-01-25 21:00:00,GB,39702
2026-01-25 21:30:00,GB,38681
2026-01-25 22:00:00,GB,36186
2026-01-25 22:30:00,GB,34698
2026-01-25 23:00:00,GB,33075
2026-01-25 23:30:00,GB,32004
2026-01-26 00:00:00,GB,31505
2026-01-26 00:30:00,GB,30604
2026-01-26 01:00:00,GB,31816
2026-01-26 01:30:00,GB,32710
2026-01-26 02:00:00,GB,32727
2026-01-26 02:30:00,GB,32038
2026-01-26 03:00:00,GB,31857
2026-01-26 03:30:00,GB,31355
2026-01-26 04:00:00,GB,31196
2026-01-26 04:30:00,GB,30822
2026-01-26 05:00:00,GB,28975
2026-01-26 05:30:00,GB,28910
2026-01-26 06:00:00,GB,25664
2026-01-26 06:30:00,GB,26509
2026-01-26 07:00:00,GB,28103
2026-01-26 07:30:00,GB,30603
2026-01-26 08:00:00,GB,33433
2026-01-26 08:30:00,GB,35408
2026-01-26 09:00:00,GB,39210
2026-01-26 09:30:00,GB,40673
2026-01-26 10:00:00,GB,43378
2026-01-26 10:30:00,GB,44317
2026-01-26 11:00:00,GB,43497
2026-01-26 11:30:00,GB,43594
2026-01-26 12:00:00,GB,44344
2026-01-26 12:30:00,GB,44333
2026-01-26 13:00:00,GB,45120
2026-01-26 13:30:00,GB,44982
2026-01-26 14:00:00,GB,44540
2026-01-26 14:30:00,GB,43922
2026-01-26 15:00:00,GB,42547
2026-01-26 15:30:00,GB,41777
2026-01-26 16:00:00,GB,40593
2026-01-26 16:30:00,GB,40628
2026-01-26 17:00:00,GB,41011
2026-01-26 17:30:00,GB,41918
2026-01-26 18:00:00,GB,41917
2026-01-26 18:30:00,GB,41706
2026-01-26 19:00:00,GB,40990
2026-01-26 19:30:00,GB,40523
2026-01-26 20:00:00,GB,39450
2026-01-26 20:30:00,GB,38932
2026-01-26 21:00:00,GB,38721
2026-01-26 21:30:00,GB,36730
2026-01-26 22:00:00,GB,36170
2026-01-26 22:30:00,GB,34264
2026-01-26 23:00:00,GB,32279
2026-01-26 23:30:00,GB,30779
2026-01-27 00:00:00,GB,29917
2026-01-27 00:30:00,GB,29545
2026-01-27 01:00:00,GB,30965
2026-01-27 01:30:00,GB,31799
2026-01-27 02:00:00,GB,31087
2026-01-27 02:30:00,GB,30761
2026-01-27 03:00:00,GB,29926
2026-01-27 03:30:00,GB,29514
2026-01-27 04:00:00,GB,28826
2026-01-27 04:30:00,GB,28422
2026-01-27 05:00:00,GB,28521
2026-01-27 05:30:00,GB,28933
2026-01-27 06:00:00,GB,29034
2026-01-27 06:30:00,GB,29442
2026-01-27 07:00:00,GB,31084
2026-01-27 07:30:00,GB,33885
2026-01-27 08:00:00,GB,36837
2026-01-27 08:30:00,GB,38124
2026-01-27 09:00:00,GB,40676
2026-01-27 09:30:00,GB,41178
2026-01-27 10:00:00,GB,43487
2026-01-27 10:30:00,GB,44305
2026-01-27 11:00:00,GB,45885
2026-01-27 11:30:00,GB,46501
2026-01-27 12:00:00,GB,47523
2026-01-27 12:30:00,GB,47177
2026-01-27 13:00:00,GB,48048
2026-01-27 13:30:00,GB,48119
2026-01-27 14:00:00,GB,47887
2026-01-27 14:30:00,GB,47151
2026-01-27 15:00:00,GB,46103
2026-01-27 15:30:00,GB,45474
2026-01-27 16:00:00,GB,44261
2026-01-27 16:30:00,GB,44510
2026-01-27 17:00:00,GB,45314
2026-01-27 17:30:00,GB,46213
2026-01-27 18:00:00,GB,47974
2026-01-27 18:30:00,GB,47815
2026-01-27 19:00:00,GB,47765
2026-01-27 19:30:00,GB,47546
2026-01-27 20:00:00,GB,48481
2026-01-27 20:30:00,GB,47248
2026-01-27 21:00:00,GB,45780
2026-01-27 21:30:00,GB,44442
2026-01-27 22:00:00,GB,41788
2026-01-27 22:30:00,GB,39764
2026-01-27 23:00:00,GB,37156
2026-01-27 23:30:00,GB,35577
2026-01-28 00:00:00,GB,33307
2026-01-28 00:30:00,GB,32161
2026-01-28 01:00:00,GB,33439
2026-01-28 01:30:00,GB,33513
2026-01-28 02:00:00,GB,35026
2026-01-28 02:30:00,GB,34274
2026-01-28 03:00:00,GB,35105
2026-01-28 03:30:00,GB,34691
2026-01-28 04:00:00,GB,34932
2026-01-28 04:30:00,GB,34415
2026-01-28 05:00:00,GB,33049
2026-01-28 05:30:00,GB,33266
2026-01-28 06:00:00,GB,29590
2026-01-28 06:30:00,GB,30718
2026-01-28 07:00:00,GB,29976
2026-01-28 07:30:00,GB,32141
2026-01-28 08:00:00,GB,36400
2026-01-28 08:30:00,GB,37522
2026-01-28 09:00:00,GB,40106
2026-01-28 09:30:00,GB,41030
2026-01-28 10:00:00,GB,43040
2026-01-28 10:30:00,GB,43299
2026-01-28 11:00:00,GB,43721
2026-01-28 11:30:00,GB,44055
2026-01-28 12:00:00,GB,43316
2026-01-28 12:00:00,GB,43304
2026-01-28 12:30:00,GB,43072
2026-01-28 13:00:00,GB,43060
2026-01-28 13:30:00,GB,42420
2026-01-28 14:00:00,GB,41491
2026-01-28 14:30:00,GB,40670
2026-01-28 15:00:00,GB,40825
2026-01-28 15:30:00,GB,40372
2026-01-28 16:00:00,GB,41365
2026-01-28 16:30:00,GB,42397
2026-01-28 17:00:00,GB,43286
2026-01-28 17:30:00,GB,44096
2026-01-28 18:00:00,GB,45269
2026-01-28 18:30:00,GB,45542
2026-01-28 19:00:00,GB,45725
2026-01-28 19:30:00,GB,45520
2026-01-28 20:00:00,GB,45833
2026-01-28 20:30:00,GB,45418
2026-01-28 21:00:00,GB,44281
2026-01-28 21:30:00,GB,42763
2026-01-28 22:00:00,GB,41183
2026-01-28 22:30:00,GB,39426
2026-01-28 23:00:00,GB,37955
2026-01-28 23:30:00,GB,36004
2026-01-29 00:00:00,GB,34837
2026-01-29 00:30:00,GB,34564
2026-01-29 01:00:00,GB,34715
2026-01-29 01:30:00,GB,35452
2026-01-29 02:00:00,GB,34995
2026-01-29 02:30:00,GB,34353
2026-01-29 03:00:00,GB,33209
2026-01-29 03:30:00,GB,32554
2026-01-29 04:00:00,GB,31624
2026-01-29 04:30:00,GB,31284
2026-01-29 05:00:00,GB,28840
2026-01-29 05:30:00,GB,28854
2026-01-29 06:00:00,GB,26233
2026-01-29 06:30:00,GB,27385
2026-01-29 07:00:00,GB,27835
2026-01-29 07:30:00,GB,29816
2026-01-29 08:00:00,GB,33213
2026-01-29 08:30:00,GB,35173
2026-01-29 09:00:00,GB,37035
2026-01-29 09:30:00,GB,37209
2026-01-29 10:00:00,GB,37828
2026-01-29 10:30:00,GB,38034
2026-01-29 11:00:00,GB,38128
2026-01-29 11:30:00,GB,38162
2026-01-29 12:00:00,GB,38073
2026-01-29 12:30:00,GB,38192
2026-01-29 13:00:00,GB,40493
2026-01-29 13:30:00,GB,40309
2026-01-29 14:00:00,GB,39978
2026-01-29 14:30:00,GB,39753
2026-01-29 15:00:00,GB,40252
2026-01-29 15:30:00,GB,40063
2026-01-29 16:00:00,GB,40847
2026-01-29 16:30:00,GB,41526
2026-01-29 17:00:00,GB,41346
2026-01-29 17:30:00,GB,42850
2026-01-29 18:00:00,GB,44013
2026-01-29 18:30:00,GB,44136
2026-01-29 19:00:00,GB,43674
2026-01-29 19:30:00,GB,43099
2026-01-29 20:00:00,GB,42708
2026-01-29 20:30:00,GB,41501
2026-01-29 21:00:00,GB,43657
2026-01-29 21:30:00,GB,42730
2026-01-29 22:00:00,GB,39779
2026-01-29 22:30:00,GB,38325
2026-01-29 23:00:00,GB,36469
2026-01-29 23:30:00,GB,34937
2026-01-30 00:00:00,GB,34587
2026-01-30 00:30:00,GB,33319
2026-01-30 01:00:00,GB,34281
2026-01-30 01:30:00,GB,35278
2026-01-30 02:00:00,GB,35518
2026-01-30 02:30:00,GB,34885
2026-01-30 03:00:00,GB,33572
2026-01-30 03:30:00,GB,33397
2026-01-30 04:00:00,GB,31639
2026-01-30 04:30:00,GB,31187
2026-01-30 05:00:00,GB,29797
2026-01-30 05:30:00,GB,30099
2026-01-30 06:00:00,GB,29189
2026-01-30 06:30:00,GB,30000
2026-01-30 07:00:00,GB,32019
2026-01-30 07:30:00,GB,34189
2026-01-30 08:00:00,GB,37426
2026-01-30 08:30:00,GB,38485
2026-01-30 09:00:00,GB,41475
2026-01-30 09:30:00,GB,42482
2026-01-30 10:00:00,GB,46307
2026-01-30 10:30:00,GB,46593
2026-01-30 11:00:00,GB,47285
2026-01-30 11:30:00,GB,47670
2026-01-30 12:00:00,GB,48027
2026-01-30 12:30:00,GB,47502
2026-01-30 13:00:00,GB,47509
2026-01-30 13:30:00,GB,47381
2026-01-30 14:00:00,GB,47166
2026-01-30 14:30:00,GB,46199
2026-01-30 15:00:00,GB,45732
2026-01-30 15:30:00,GB,44921
2026-01-30 16:00:00,GB,44475
2026-01-30 16:30:00,GB,44439
2026-01-30 17:00:00,GB,45577
2026-01-30 17:30:00,GB,46523
2026-01-30 18:00:00,GB,49006
2026-01-30 18:30:00,GB,49319
2026-01-30 19:00:00,GB,48966
2026-01-30 19:30:00,GB,47982
2026-01-30 20:00:00,GB,47566
2026-01-30 20:30:00,GB,46416
2026-01-30 21:00:00,GB,45660
2026-01-30 21:30:00,GB,44465
2026-01-30 22:00:00,GB,42186
2026-01-30 22:30:00,GB,40467
2026-01-30 23:00:00,GB,37280
2026-01-30 23:30:00,GB,35818
2026-01-31 00:00:00,GB,34248
2026-01-31 00:30:00,GB,33342
2026-01-31 01:00:00,GB,33564
2026-01-31 01:30:00,GB,34316
2026-01-31 02:00:00,GB,33860
2026-01-31 02:30:00,GB,33481
2026-01-31 03:00:00,GB,33059
2026-01-31 03:30:00,GB,32620
2026-01-31 04:00:00,GB,31498
2026-01-31 04:30:00,GB,30513
2026-01-31 05:00:00,GB,30583
2026-01-31 05:30:00,GB,30501
2026-01-31 06:00:00,GB,30224
2026-01-31 06:30:00,GB,30441
2026-01-31 07:00:00,GB,31496
2026-01-31 07:30:00,GB,32188
2026-01-31 08:00:00,GB,33591
2026-01-31 08:30:00,GB,34442
2026-01-31 09:00:00,GB,36234
2026-01-31 09:30:00,GB,37763
2026-01-31 10:00:00,GB,39577
2026-01-31 10:30:00,GB,40074
2026-01-31 11:00:00,GB,41473
2026-01-31 11:30:00,GB,42088
2026-01-31 12:00:00,GB,41710
2026-01-31 12:30:00,GB,41703
2026-01-31 13:00:00,GB,42766
2026-01-31 13:30:00,GB,42586
2026-01-31 14:00:00,GB,42608
2026-01-31 14:30:00,GB,42441
2026-01-31 15:00:00,GB,42101
2026-01-31 15:30:00,GB,41912
2026-01-31 16:00:00,GB,40835
2026-01-31 16:30:00,GB,40944
2026-01-31 17:00:00,GB,41359
2026-01-31 17:30:00,GB,42443
2026-01-31 18:00:00,GB,44761
2026-01-31 18:30:00,GB,44855
2026-01-31 19:00:00,GB,45215
2026-01-31 19:30:00,GB,44247
2026-01-31 20:00:00,GB,43907
2026-01-31 20:30:00,GB,43280
2026-01-31 21:00:00,GB,42411
2026-01-31 21:30:00,GB,41164
2026-01-31 22:00:00,GB,39983
2026-01-31 22:30:00,GB,38744
2026-01-31 23:00:00,GB,37213
2026-01-31 23:30:00,GB,36130
2026-01-29 20:00:00,IE,5225.991
2026-01-29 20:30:00,IE,5131.66
2026-01-29 21:00:00,IE,4986.406
2026-01-29 21:30:00,IE,4810.219
2026-01-29 22:00:00,IE,4625.137
2026-01-29 22:30:00,IE,4446.844
2026-01-29 23:00:00,IE,4281.628
2026-01-29 23:30:00,IE,4303.952
2026-01-30 00:00:00,IE,4140.878
2026-01-30 00:30:00,IE,4056.873
2026-01-30 01:00:00,IE,3947.876
2026-01-30 01:30:00,IE,3893.653
2026-01-30 02:00:00,IE,3825.111
2026-01-30 02:30:00,IE,3908.796
2026-01-30 03:00:00,IE,3843.051
2026-01-30 03:30:00,IE,3797.364
2026-01-30 04:00:00,IE,3746.129
2026-01-30 04:30:00,IE,3725.991
2026-01-30 05:00:00,IE,3726.134
2026-01-30 05:30:00,IE,3767.412
2026-01-30 06:00:00,IE,3905.258
2026-01-30 06:30:00,IE,4114.873
2026-01-30 07:00:00,IE,4402.33
2026-01-30 07:30:00,IE,4770.498
2026-01-30 08:00:00,IE,4852.738
2026-01-30 08:30:00,IE,4899.807
2026-01-30 09:00:00,IE,4958.994
2026-01-30 09:30:00,IE,4999.471
2026-01-30 10:00:00,IE,4950.033
2026-01-30 10:30:00,IE,4939.579
2026-01-30 11:00:00,IE,4885.344
2026-01-30 11:30:00,IE,4851.039
2026-01-30 12:00:00,IE,4844.764
2026-01-30 12:30:00,IE,4862.402
2026-01-30 13:00:00,IE,4831.847
2026-01-30 13:30:00,IE,4822.921
2026-01-30 14:00:00,IE,4844.617
2026-01-30 14:30:00,IE,4869.886
2026-01-30 15:00:00,IE,4889.095
2026-01-30 15:30:00,IE,4958.93
2026-01-30 16:00:00,IE,5010.737
2026-01-30 16:30:00,IE,5067.115
2026-01-30 17:00:00,IE,5159.559
2026-01-30 17:30:00,IE,5363.061
2026-01-30 18:00:00,IE,5417.314
2026-01-30 18:30:00,IE,5367.131
2026-01-30 19:00:00,IE,5272.082
2026-01-30 19:30:00,IE,5218.168
2026-01-30 20:00:00,IE,5093.775
2026-01-30 20:30:00,IE,4980.896
2026-01-30 21:00:00,IE,4884.49
2026-01-30 21:30:00,IE,4741.829
2026-01-30 22:00:00,IE,4583.741
2026-01-30 22:30:00,IE,4412.347
2026-01-30 23:00:00,IE,4282.396
2026-01-30 23:30:00,IE,4343.034
2026-01-31 01:00:00,IE,3993.737
2026-01-31 01:30:00,IE,3894.38
2026-01-31 02:00:00,IE,3836.029
2026-01-31 02:30:00,IE,3908.554
2026-01-31 03:00:00,IE,3839.37
2026-01-31 03:30:00,IE,3795.923
2026-01-31 04:00:00,IE,3733.195
2026-01-31 04:30:00,IE,3684.302
2026-01-31 05:00:00,IE,3644.079
2026-01-31 05:30:00,IE,3629.118
2026-01-31 06:00:00,IE,3696.779
2026-01-31 06:30:00,IE,3788.968
2026-01-31 07:00:00,IE,3863.616
2026-01-31 07:30:00,IE,4005.329
2026-01-31 08:00:00,IE,4081.539
2026-01-31 08:30:00,IE,4228.575
2026-01-31 09:00:00,IE,4397.802
2026-01-31 09:30:00,IE,4550.546
2026-01-31 10:00:00,IE,4610.87
2026-01-31 10:30:00,IE,4656.365
2026-01-31 11:00:00,IE,4654.394
2026-01-31 11:30:00,IE,4649.95
2026-01-31 12:00:00,IE,4613.575
2026-01-31 12:30:00,IE,4633.961
2026-01-31 13:00:00,IE,4626.701
2026-01-31 13:30:00,IE,4573.64
2026-01-31 14:00:00,IE,4534.805
2026-01-31 14:30:00,IE,4518.039
2026-01-31 15:00:00,IE,4517.188
2026-01-31 15:30:00,IE,4562.81
2026-01-31 16:00:00,IE,4614.872
2026-01-31 16:30:00,IE,4730.208
2026-01-31 17:00:00,IE,4876.358
2026-01-31 17:30:00,IE,5060.978
2026-01-31 18:00:00,IE,5139.295
2026-01-31 18:30:00,IE,5077.956
2026-01-31 19:00:00,IE,4983.919
2026-01-31 19:30:00,IE,4878.313
2026-01-31 20:00:00,IE,4783.58
2026-01-31 20:30:00,IE,4681.139
2026-01-31 21:00:00,IE,4578.222
2026-01-31 21:30:00,IE,4469.852
2026-01-31 22:00:00,IE,4331.766
2026-01-31 22:30:00,IE,4194.74
2026-01-31 23:00:00,IE,4081.001
2026-01-31 23:30:00,IE,4136.897
